TimeS,Sunrise,Sunset,TFLatN,TFLatS,TFNoonN,TFNoonS,SST1,SST1Depth,SST1Time,TFLatErrN,TFLatErrS,TFLonErrN,TFLonErrS,MinIntTemp,WetDryChange,MaxPress,TRLon,TRLat,TFLonN,TFLonS,
06/06/12,,,100.00,100.00,00:00,00:00,45.00,2000.00,0,38.70,2.10,1000000.00,3.70,20.08,1,0.00,200.00,100.00,179.70,179.70,
07/06/12,13:45,29:19,53.00,52.90,20:54,21:15,45.00,2000.00,0,15.80,12.70,23.10,19.50,16.90,1,0.00,-143.20,40.60,-133.70,-139.00,
08/06/12,07:28,29:27,52.60,52.40,15:20,15:24,45.00,2000.00,0,10.00,14.00,6.90,9.70,15.88,1,0.00,-97.10,62.80,-50.20,-51.20,
09/06/12,02:40,25:08,52.60,53.80,15:07,15:08,45.00,2000.00,0,13.40,3.70,8.80,4.70,14.68,1,0.00,-28.70,63.10,-46.90,-47.20,
10/06/12,03:33,27:11,68.50,68.50,15:06,15:06,45.00,2000.00,0,17.90,17.90,36.50,36.50,23.14,1,0.00,-50.60,63.50,-46.60,-46.60,
11/06/12,22:56,46:42,4.80,-28.40,26:50,26:44,45.00,2000.00,0,13.40,12.40,2.90,2.50,4.92,1,0.00,17.70,63.50,137.50,139.00,
12/06/12,08:32,30:38,100.00,100.00,00:00,00:00,45.00,2000.00,0,38.70,67.00,2.90,1000000.00,3.26,1,0.00,-113.70,62.40,180.00,180.00,
13/06/12,02:08,26:34,100.00,100.00,00:00,00:00,45.00,2000.00,0,38.70,38.70,2.90,1000000.00,3.92,1,0.00,-35.20,63.10,-180.00,-180.00,
14/06/12,22:56,45:19,32.30,22.90,35:09,35:09,45.00,2000.00,0,8.40,6.70,2.60,1.70,5.28,1,0.00,28.30,62.80,12.90,12.90,
15/06/12,02:08,24:57,32.30,22.90,11:09,11:09,45.00,2000.00,0,8.30,6.60,2.60,1.70,4.64,1,0.00,-23.00,62.80,12.90,12.90,
16/06/12,06:26,22:33,50.90,50.30,14:27,14:28,45.00,2000.00,0,18.60,17.30,11.80,10.50,4.72,1,0.00,-37.20,44.10,-36.50,-36.80,
17/06/12,01:43,24:14,63.20,63.20,12:59,12:59,45.00,2000.00,0,2.70,2.70,13.30,13.30,3.46,1,0.00,-14.40,62.80,-14.50,-14.50,
18/06/12,16:00,39:31,68.10,68.10,27:57,27:57,45.00,2000.00,0,23.70,23.70,36.50,36.50,4.18,1,0.00,124.00,63.10,121.10,121.10,
19/06/12,22:56,47:20,65.70,65.70,33:28,33:28,45.00,2000.00,0,1.10,1.10,51.60,51.60,4.02,1,0.00,13.40,63.10,38.40,38.40,
20/06/12,20:48,42:17,56.60,56.60,31:20,31:20,45.00,2000.00,0,3.40,3.40,7.70,7.70,3.88,1,0.00,67.30,61.70,70.50,70.50,
21/06/12,01:36,18:17,100.00,100.00,00:00,00:00,45.00,2000.00,0,3.10,38.70,7.10,7.70,4.18,1,0.00,31.30,48.00,-179.60,-179.60,
22/06/12,20:53,42:56,51.70,49.10,34:56,34:58,45.00,2000.00,0,10.70,12.00,7.50,6.90,3.98,1,0.00,61.90,62.40,16.60,16.10,
23/06/12,22:14,44:12,61.50,61.50,33:28,33:28,45.00,2000.00,0,2.60,2.60,13.80,13.80,3.92,1,0.00,42.40,62.40,38.60,38.60,
24/06/12,01:04,20:12,56.10,56.10,10:12,10:12,45.00,2000.00,0,3.20,3.20,6.80,6.80,3.78,1,0.00,21.10,57.80,27.60,27.60,
25/06/12,04:30,26:57,60.00,60.00,14:55,14:55,45.00,2000.00,0,1.90,1.90,7.10,7.10,3.74,1,0.00,-55.20,62.80,-43.10,-43.10,
26/06/12,20:17,43:38,68.40,68.40,32:13,32:13,45.00,2000.00,0,47.40,47.40,51.60,51.60,3.74,1,0.00,61.40,63.10,57.50,57.50,
27/06/12,00:00,24:31,67.80,67.80,11:21,11:21,45.00,2000.00,0,67.00,67.00,1000000.00,1000000.00,4.12,1,0.00,-3.10,63.50,10.50,10.50,
28/06/12,00:32,24:50,67.00,67.00,14:01,14:01,45.00,2000.00,0,1.10,1.10,23.10,23.10,4.10,1,0.00,-9.40,63.50,-29.40,-29.40,
29/06/12,20:48,44:20,66.60,66.60,34:03,34:03,45.00,2000.00,0,1.70,1.70,51.60,51.60,6.56,1,0.00,52.40,63.50,30.20,30.20,
30/06/12,22:24,44:52,65.00,65.00,32:37,32:37,45.00,2000.00,0,4.10,4.10,1000000.00,1000000.00,5.86,1,0.00,36.50,63.10,51.70,51.70,
01/07/12,00:32,24:20,60.10,60.10,10:01,10:01,45.00,2000.00,0,4.10,4.10,1000000.00,1000000.00,6.06,1,0.00,-5.50,63.80,30.70,30.70,
02/07/12,01:05,25:03,65.50,65.50,13:41,13:41,45.00,2000.00,0,5.00,5.00,1000000.00,1000000.00,5.34,1,0.00,-15.00,63.80,-24.20,-24.20,
03/07/12,23:12,47:27,67.50,67.50,34:47,34:47,45.00,2000.00,0,2.20,2.20,51.60,51.60,4.96,1,0.00,11.20,63.80,19.40,19.40,
04/07/12,05:20,28:17,52.80,52.80,15:10,15:10,45.00,2000.00,0,16.80,16.80,11.50,11.50,3.08,1,0.00,-71.00,63.80,-46.40,-46.40,
05/07/12,02:40,27:11,63.70,63.70,15:59,15:59,45.00,2000.00,0,2.80,2.80,13.30,13.30,3.92,1,0.00,-42.70,64.20,-58.60,-58.60,
06/07/12,00:32,25:02,68.70,68.70,11:00,11:00,45.00,2000.00,0,1000000.00,1000000.00,1000000.00,1000000.00,3.48,1,0.00,-10.50,64.20,16.20,16.20,
07/07/12,21:20,42:58,100.00,100.00,00:00,00:00,,45.00,2000.00,0,38.70,1000000.00,1000000.00,1000000.00,4.94,1,0.00,59.00,63.10,-178.80,200.00,
08/07/12,00:32,18:58,61.30,60.80,09:21,09:16,45.00,2000.00,0,2.50,3.50,9.70,12.20,5.52,1,0.00,35.00,57.10,41.00,42.30,
09/07/12,07:11,18:30,-20.70,-26.40,12:58,12:59,5.22,0.00,1390,23.70,17.90,4.50,3.30,1.20,14,74.22,-11.30,-21.60,-13.20,-13.40,
10/07/12,17:04,41:10,53.70,53.70,29:23,29:23,3.80,0.00,34,6.50,6.50,4.20,4.20,0.98,32,99.72,104.60,64.90,100.60,100.60,
11/07/12,05:20,29:51,54.90,54.90,17:23,17:23,4.24,0.00,550,7.80,7.80,9.70,9.70,0.84,48,95.03,-82.50,64.90,-79.40,-79.40,
12/07/12,14:56,39:18,54.70,54.70,27:15,27:15,2.10,19.82,1,7.40,7.40,8.10,8.10,1.20,57,79.92,134.70,65.20,132.70,132.70,
13/07/12,16:33,41:03,67.30,67.30,28:21,28:21,3.48,0.00,202,5.90,5.90,1000000.00,1000000.00,1.20,80,92.13,109.50,65.20,116.20,116.20,
14/07/12,19:44,44:05,49.90,49.90,31:23,31:23,4.06,0.00,476,12.20,12.20,6.00,6.00,1.10,108,111.53,62.90,65.60,70.80,70.80,
15/07/12,20:53,45:05,56.70,56.70,32:47,32:47,1.84,10.73,1401,4.70,4.70,7.20,7.20,1.14,130,97.33,46.80,65.60,49.80,49.80,
16/07/12,12:16,36:27,54.80,54.80,24:19,24:19,2.10,2.33,47,14.00,14.00,9.60,9.60,1.16,166,102.33,176.20,65.90,176.80,176.80,
17/07/12,12:16,36:47,60.20,60.20,25:23,25:23,2.06,13.23,408,2.90,2.90,7.50,7.50,0.90,188,79.53,173.70,65.90,160.80,160.80,
18/07/12,15:40,39:59,60.20,60.20,27:54,27:54,2.04,34.13,293,5.20,5.20,13.30,13.30,1.26,206,81.33,124.20,66.30,123.10,123.10,
19/07/12,22:56,47:27,46.40,46.40,34:48,34:48,1.50,46.23,64,21.20,21.20,8.50,8.50,1.22,234,83.42,13.70,66.30,19.60,19.60,
20/07/12,21:52,45:56,63.20,63.20,33:27,33:27,5.88,0.00,1359,2.40,2.40,9.60,9.60,1.22,250,122.72,33.10,66.60,39.90,39.90,
21/07/12,20:24,44:47,56.30,56.30,32:44,32:44,6.20,0.00,83,6.20,6.20,6.00,6.00,1.14,286,105.22,52.70,66.60,50.60,50.60,
22/07/12,16:32,41:03,62.20,62.20,29:02,29:02,3.74,0.00,363,3.70,3.70,10.50,10.50,1.16,318,99.53,109.80,67.00,106.10,106.10,
23/07/12,16:33,41:03,52.80,52.80,28:57,28:57,2.22,5.33,181,16.80,16.80,8.70,8.70,1.02,344,122.93,109.60,67.30,107.40,107.40,
24/07/12,01:04,25:07,46.30,46.30,12:48,12:48,3.18,0.00,614,18.60,18.60,7.00,7.00,1.02,362,131.53,-14.70,67.30,-10.40,-10.40,
25/07/12,15:28,39:35,100.00,100.00,00:00,00:10,4.62,0.00,7,38.70,1000000.00,7.00,1000000.00,1.20,388,99.63,128.80,67.70,-178.40,179.10,
26/07/12,15:28,39:48,57.00,57.00,28:14,28:14,3.34,0.00,228,12.70,12.70,8.10,8.10,0.98,412,118.03,127.10,68.00,118.10,118.10,
27/07/12,14:24,38:55,60.20,60.20,26:41,26:41,4.42,0.00,45,11.20,11.20,21.10,21.10,1.02,439,97.13,141.80,68.00,141.40,141.40,
28/07/12,03:12,27:43,100.00,100.00,00:00,00:37,1.40,23.63,922,38.70,16.30,1000000.00,1.30,1.20,452,95.42,-50.30,68.40,-178.40,172.40,
29/07/12,08:00,32:21,57.80,57.80,20:40,20:40,4.82,0.00,1,21.20,21.20,12.90,12.90,1.08,486,112.43,-121.00,68.70,-128.40,-128.40,
30/07/12,20:16,44:47,73.10,73.10,31:44,31:44,5.02,0.00,21,1000000.00,1000000.00,1000000.00,1000000.00,3.64,497,24.52,53.70,69.10,65.60,65.60,
31/07/12,16:00,40:31,37.60,37.60,28:17,28:17,4.98,0.00,723,33.50,33.50,8.40,8.40,2.80,540,53.52,117.70,69.10,117.30,117.30,
01/08/12,00:32,25:03,60.10,60.10,13:09,13:09,6.16,0.00,502,8.30,8.30,11.50,11.50,2.50,609,52.42,-10.30,69.40,-15.70,-15.70,
02/08/12,21:52,46:19,56.80,56.80,34:12,34:12,6.62,0.00,836,19.40,19.40,10.50,10.50,3.60,618,19.43,30.20,69.80,28.50,28.50,
03/08/12,08:32,32:44,60.10,60.10,20:38,20:38,3.90,0.00,57,9.20,9.20,10.80,10.80,2.72,661,57.73,-128.00,70.10,-128.00,-128.00,
04/08/12,18:40,43:03,60.20,60.20,30:51,30:51,5.16,0.00,627,9.50,9.50,9.90,9.90,3.62,706,63.02,78.60,70.50,78.70,78.70,
05/08/12,16:00,39:52,100.00,100.00,00:00,00:00,6.04,0.00,101,38.70,38.70,9.90,9.90,4.10,760,77.03,122.50,70.80,-178.50,-178.50,
06/08/12,01:04,25:35,60.80,60.80,13:19,13:19,6.70,0.00,156,13.70,13.70,13.80,13.80,5.54,774,75.83,-18.40,70.80,-18.30,-18.30,
07/08/12,15:28,39:59,61.20,61.20,27:41,27:41,5.34,0.00,1437,15.40,15.40,17.20,17.20,5.30,850,43.13,125.50,71.20,126.20,126.20,
08/08/12,15:51,39:59,61.40,61.40,27:37,27:37,4.42,0.00,1200,8.10,8.10,7.50,7.50,4.40,926,28.52,122.60,71.50,127.10,127.10,
09/08/12,23:28,47:46,60.10,60.10,35:34,35:34,2.80,0.00,509,8.10,8.10,7.50,7.50,1.56,975,48.42,7.10,71.90,7.80,7.80,
10/08/12,00:33,24:22,62.40,62.40,12:11,12:11,18.36,0.00,440,9.60,9.60,11.00,11.00,3.36,1088,63.42,-5.60,72.20,-1.40,-1.40,
11/08/12,18:40,43:11,62.40,62.40,30:56,30:56,6.52,0.00,886,13.10,13.10,12.20,12.20,5.54,1144,62.33,77.40,72.60,77.30,77.30,
12/08/12,19:44,43:38,60.20,60.20,31:41,31:41,6.54,0.00,113,22.30,22.30,13.30,13.30,6.04,1248,55.63,66.00,72.90,66.00,66.00,
13/08/12,01:04,25:30,60.30,60.30,13:16,13:16,26.02,0.00,132,17.90,17.90,10.30,10.30,5.72,1294,57.02,-18.10,73.30,-17.80,-17.80,
14/08/12,00:34,24:31,63.10,63.10,12:32,12:32,7.24,0.00,867,12.20,12.20,12.20,12.20,6.12,1350,59.23,-7.00,73.70,-6.90,-6.90,
15/08/12,21:52,45:28,59.50,59.50,33:48,33:48,7.06,0.00,595,12.40,12.40,6.20,6.20,5.98,1488,59.02,36.10,74.00,34.10,34.10,
16/08/12,19:44,44:15,61.30,61.30,32:27,32:27,7.36,0.00,243,10.90,10.90,6.80,6.80,6.18,1564,69.72,61.10,74.40,54.30,54.30,
17/08/12,18:08,42:39,61.70,61.70,30:37,30:37,7.32,0.00,42,10.00,10.00,6.50,6.50,6.36,1624,52.92,85.10,74.40,81.70,81.70,
18/08/12,03:44,28:15,68.20,68.20,14:44,14:44,7.42,0.00,1406,4.20,4.20,9.90,9.90,6.54,1674,59.73,-58.90,74.70,-40.10,-40.10,
19/08/12,21:52,46:01,60.40,60.40,34:11,34:11,7.40,0.00,224,16.30,16.30,8.00,8.00,6.62,1816,55.13,31.70,75.40,28.10,28.10,
20/08/12,23:41,44:38,55.50,55.50,33:48,33:48,7.46,0.00,1314,10.10,10.10,3.70,3.70,7.04,1926,65.13,28.40,74.40,33.80,33.80,
21/08/12,20:54,44:22,65.60,65.60,34:04,34:04,7.34,0.00,1349,8.10,8.10,8.70,8.70,6.44,2066,75.33,51.20,75.80,29.70,29.70,
22/08/12,24:11,43:48,59.10,59.10,34:28,34:28,7.40,0.00,1,9.60,9.60,4.10,4.10,6.92,2109,62.92,30.80,73.70,23.60,23.60,
23/08/12,24:24,45:04,72.10,72.10,34:26,34:26,7.38,0.00,1313,1.40,1.40,5.80,5.80,6.40,2208,65.92,19.60,75.40,24.10,24.10,
24/08/12,23:56,43:42,71.70,71.70,33:59,33:59,7.14,0.00,1387,0.90,0.90,2.60,2.60,6.44,2224,61.23,33.20,74.70,30.70,30.70,
25/08/12,24:25,44:01,68.70,68.70,34:17,34:17,7.06,11.73,521,3.50,3.50,8.00,8.00,6.20,2344,77.53,27.20,75.10,26.20,26.20,
26/08/12,24:32,43:36,68.60,68.60,34:18,34:18,7.18,0.00,2,5.80,5.80,12.50,12.50,6.44,2384,64.22,29.40,74.70,25.90,25.90,
27/08/12,24:48,44:05,65.70,65.70,34:12,34:12,7.22,0.00,1116,9.50,9.50,13.80,13.80,6.34,2482,54.13,23.70,75.40,27.30,27.30,
28/08/12,24:59,43:38,70.50,70.50,34:26,34:26,7.28,0.00,1124,2.70,2.70,5.50,5.50,6.20,2550,61.42,25.60,75.10,23.70,23.70,
29/08/12,24:20,43:26,68.60,68.60,33:55,33:55,7.56,0.00,4,6.30,6.30,10.30,10.30,6.18,2618,56.42,31.90,76.10,31.40,31.40,
30/08/12,25:20,43:45,100.00,100.00,00:00,00:15,7.56,0.00,1225,38.70,1000000.00,8.70,29.80,6.82,2684,48.23,21.90,75.80,-179.80,176.40,
31/08/12,25:26,43:56,72.40,72.40,34:34,34:34,7.76,0.00,1,3.60,3.60,6.40,6.40,7.58,2750,34.83,19.70,76.10,21.50,21.50,
01/09/12,25:20,43:30,77.20,77.20,34:30,34:30,7.74,0.00,1331,1000000.00,1000000.00,16.30,16.30,7.60,2772,26.23,23.60,76.10,22.40,22.40,
02/09/12,25:03,43:14,67.20,67.20,33:47,33:47,7.66,0.00,76,5.50,5.50,4.90,4.90,7.60,2810,40.42,27.70,76.80,33.10,33.10,
03/09/12,25:40,42:49,58.70,58.70,34:37,34:37,7.72,0.00,109,23.70,23.70,6.80,6.80,7.72,2846,16.93,26.10,75.40,20.50,20.50,
04/09/12,25:23,43:22,65.00,65.00,34:27,34:27,7.86,0.00,4,14.30,14.30,8.80,8.80,6.62,2942,52.13,24.00,77.50,22.90,22.90,
05/09/12,25:49,42:51,68.50,68.50,34:29,34:29,7.68,0.00,745,5.40,5.40,4.40,4.40,6.62,2990,53.02,24.60,76.10,22.30,22.30,
06/09/12,25:46,43:01,72.50,72.50,34:34,34:34,7.64,0.00,1283,2.60,2.60,3.90,3.90,6.54,3072,44.42,23.60,77.20,21.00,21.00,
07/09/12,25:57,42:36,70.80,70.80,34:12,34:12,7.50,0.00,1026,3.00,3.00,3.10,3.10,6.80,3094,50.63,25.30,76.50,26.40,26.40,
08/09/12,26:21,41:30,61.70,61.70,34:11,34:11,6.98,0.00,1016,8.90,8.90,4.50,4.50,6.66,3116,69.92,30.40,71.90,26.50,26.50,
09/09/12,26:00,42:44,68.80,68.80,34:25,34:25,7.38,0.00,1359,9.70,9.70,5.70,5.70,6.74,3158,70.63,23.70,78.20,23.00,23.00,
10/09/12,26:13,41:51,60.20,60.20,34:12,34:12,7.36,0.00,1067,17.30,17.30,8.20,8.20,6.38,3212,51.13,28.60,100.00,26.10,26.10,
11/09/12,26:03,42:29,73.50,73.50,34:21,34:21,7.20,0.00,1349,3.00,3.00,3.50,3.50,6.10,3214,64.83,25.00,100.00,23.80,23.80,
12/09/12,26:43,42:14,73.30,73.30,34:28,34:28,7.12,0.00,1061,4.40,4.40,4.60,4.60,6.00,3264,78.03,21.80,100.00,21.90,21.90,
13/09/12,26:28,42:13,73.50,73.50,34:25,34:25,7.06,0.00,1404,1.90,1.90,1.90,1.90,6.48,3288,56.83,23.70,100.00,22.60,22.60,
14/09/12,26:22,42:08,73.00,73.00,34:13,34:13,6.94,0.00,495,2.00,2.00,1.50,1.50,6.16,3320,56.02,25.00,100.00,25.50,25.50,
15/09/12,26:44,41:55,69.60,69.60,34:44,34:44,6.90,0.00,1,6.20,6.20,2.90,2.90,6.02,3373,58.63,23.80,100.00,17.70,17.70,
16/09/12,26:33,41:47,71.30,71.30,34:17,34:17,21.58,0.00,313,3.90,3.90,2.10,2.10,6.36,3390,62.13,26.10,100.00,24.30,24.30,
17/09/12,26:31,42:05,75.50,75.50,34:24,34:24,18.02,0.00,661,9.20,9.20,8.50,8.50,6.08,3446,70.72,24.00,100.00,22.50,22.50,
18/09/12,26:34,41:37,71.70,71.70,33:59,33:59,6.88,0.00,7,21.20,21.20,10.30,10.30,6.56,3480,71.42,27.00,100.00,28.70,28.70,
19/09/12,27:01,40:52,63.60,63.60,34:01,34:01,7.14,0.00,223,13.10,13.10,3.50,3.50,6.24,3536,66.13,29.20,100.00,28.10,28.10,
20/09/12,27:06,41:16,65.40,65.40,34:26,34:26,6.88,0.00,1326,8.10,8.10,2.20,2.20,6.00,3572,82.42,25.50,100.00,21.70,21.70,
21/09/12,27:03,41:10,74.80,74.80,34:10,34:10,7.26,0.00,395,5.40,5.40,3.60,3.60,6.20,3635,69.63,26.50,100.00,25.60,25.60,
22/09/12,27:12,40:53,-74.30,-74.30,34:06,34:06,7.48,0.00,712,9.00,9.00,4.80,4.80,6.26,3690,67.72,27.40,100.00,26.60,26.60,
23/09/12,27:09,41:00,-60.50,-60.50,33:57,33:57,7.32,0.00,72,18.60,18.60,4.50,4.50,6.22,3752,72.92,26.80,100.00,28.70,28.70,
24/09/12,27:19,40:45,-60.30,-60.30,34:10,34:10,7.18,0.00,728,15.00,15.00,3.50,3.50,6.62,3790,56.73,27.40,100.00,25.40,25.40,
25/09/12,27:23,41:03,-65.30,-65.30,34:10,34:10,7.60,0.00,915,4.40,4.40,1.30,1.30,5.70,3826,74.03,24.60,100.00,25.30,25.30,
26/09/12,27:37,41:02,-64.40,-63.50,34:21,34:22,7.42,0.00,965,5.50,5.90,1.70,1.80,6.66,3846,52.02,22.80,100.00,22.50,22.20,
27/09/12,27:34,41:02,100.00,-24.80,34:14,34:13,7.40,0.00,700,67.00,38.70,1000000.00,1.60,5.76,3914,80.42,23.10,-54.70,24.10,24.40,
28/09/12,27:33,41:10,-60.10,-60.10,34:18,34:18,6.62,0.00,1076,67.00,38.70,1000000.00,1.60,5.80,3942,58.42,22.20,-56.10,23.00,23.00,
29/09/12,27:40,41:12,-55.70,-59.80,34:32,34:27,5.86,0.00,962,9.70,15.40,1.50,5.20,5.40,3964,71.63,21.00,-52.90,19.50,20.70,
30/09/12,28:06,40:34,60.10,-54.20,34:15,34:16,4.22,0.00,745,47.40,9.50,3.80,1.50,3.04,4006,60.73,22.40,-0.50,23.60,23.40,
01/10/12,27:45,40:27,20.70,-57.50,34:07,34:06,11.54,0.00,67,1000000.00,7.00,2.10,1.40,3.00,4028,72.63,25.80,-17.80,25.60,25.80,
02/10/12,28:02,40:38,-31.80,-31.80,34:19,34:19,2.34,0.00,938,15.40,15.40,1.20,1.20,2.28,4122,74.42,22.20,-10.40,22.50,22.50,
03/10/12,27:38,40:56,-20.60,-31.10,34:16,34:18,3.92,0.00,796,30.00,22.30,2.00,1.80,-0.24,4204,87.72,22.90,-41.30,23.20,22.70,
04/10/12,28:27,40:29,53.40,-8.30,34:23,34:24,0.68,0.00,281,1000000.00,47.40,1.80,2.30,0.16,4264,49.02,20.10,31.50,21.30,21.10,
05/10/12,28:36,40:07,100.00,100.00,34:31,34:31,4.02,0.00,711,30.00,30.00,0.60,0.60,3.34,4298,64.53,21.60,56.10,19.30,19.30,
06/10/12,29:17,40:10,70.50,70.50,34:35,34:35,3.54,0.00,506,1000000.00,1000000.00,9.00,9.00,3.50,4330,88.42,16.10,68.40,18.20,18.20,
07/10/12,28:47,40:21,68.60,-25.60,34:57,34:45,4.76,0.00,423,1000000.00,30.00,6.30,2.50,4.76,4376,65.22,18.40,49.00,12.60,15.60,
08/10/12,28:47,40:03,63.60,63.60,34:19,34:19,4.90,0.00,58,67.00,67.00,2.20,2.20,4.40,4430,8.13,20.50,56.80,22.00,22.00,
09/10/12,28:48,40:04,-17.90,-7.30,34:29,34:29,4.38,0.00,941,21.20,23.70,1.80,1.70,3.42,4478,16.13,20.20,54.70,19.50,19.50,
10/10/12,28:43,39:52,59.60,37.00,34:19,34:17,7.50,0.00,247,23.70,33.50,1.90,1.20,1.00,4520,37.83,22.30,55.70,21.90,22.40,
11/10/12,28:53,39:38,100.00,100.00,34:17,34:17,4.04,0.00,25,23.70,23.70,1000000.00,1000000.00,0.44,4580,95.92,22.70,62.10,22.40,22.40,
12/10/12,29:28,39:41,12.00,12.00,34:29,34:29,3.84,0.00,613,30.00,30.00,2.00,2.00,3.08,4622,57.02,17.90,67.30,19.30,19.30,
13/10/12,29:08,39:47,62.60,62.60,34:19,34:19,1.94,0.00,721,67.00,67.00,6.10,6.10,1.86,4682,63.23,19.60,60.60,21.70,21.70,
14/10/12,29:51,40:08,29.30,29.30,34:38,34:38,2.94,0.00,326,67.00,67.00,3.50,3.50,1.62,4730,85.03,11.50,64.20,16.90,16.90,
15/10/12,30:30,40:31,70.70,70.70,35:28,35:28,3.20,0.00,529,47.40,47.40,8.40,8.40,-2.32,4752,75.63,3.70,65.90,4.40,4.40,
16/10/12,30:54,40:59,68.10,68.10,36:01,36:01,1.38,0.00,67,33.50,33.50,5.80,5.80,-5.60,4820,89.53,-2.80,64.20,-3.90,-3.90,
17/10/12,30:59,40:39,66.60,66.60,35:59,35:59,-2.72,0.00,560,25.30,25.30,4.50,4.50,-3.66,4840,89.42,-1.00,67.00,-3.50,-3.50,
18/10/12,31:26,40:51,66.00,66.00,36:00,36:00,-1.02,0.00,408,16.30,16.30,3.20,3.20,-3.36,4860,97.92,-5.90,68.00,-3.80,-3.80,
19/10/12,31:41,,-63.30,-63.30,39:34,39:34,-1.46,0.00,520,4.70,4.70,5.20,5.20,-5.60,4924,101.83,200.00,100.00,-57.30,-57.30,
20/10/12,07:41,17:04,60.10,60.10,12:37,12:37,-1.96,0.00,779,67.00,67.00,13.30,13.30,-5.48,4968,104.13,-9.40,66.60,-13.10,-13.10,
21/10/12,08:04,18:00,63.50,63.40,12:56,12:56,-2.04,0.00,35,33.50,30.00,7.10,6.40,-4.28,5002,109.53,-19.40,61.00,-17.90,-17.90,
22/10/12,08:05,18:03,60.90,60.80,13:10,13:10,-1.66,0.00,912,10.60,10.30,2.40,2.40,-1.78,5062,116.22,-19.90,59.60,-21.40,-21.40,
23/10/12,08:15,17:58,62.70,61.00,13:08,13:08,1.14,0.00,891,30.00,33.50,7.00,7.40,-0.72,5088,84.53,-20.60,61.30,-20.90,-20.90,
24/10/12,08:30,18:19,60.10,60.40,13:24,13:25,11.44,0.00,1300,30.00,9.00,7.00,2.30,-1.36,5144,121.93,-25.10,59.60,-25.00,-25.20,
25/10/12,08:47,17:41,64.40,64.40,13:19,13:19,0.16,0.00,30,19.40,19.40,5.50,5.50,0.16,5192,112.43,-22.50,65.90,-23.70,-23.70,
26/10/12,08:54,19:02,56.60,57.10,14:02,14:01,0.98,0.00,528,6.70,6.40,2.00,2.30,0.96,5214,106.03,-33.50,54.30,-34.50,-34.30,
27/10/12,09:35,19:44,54.80,52.60,14:38,14:37,1.44,0.00,583,8.40,8.10,1.30,1.20,1.44,5284,113.72,-43.90,53.30,-43.50,-43.30,
28/10/12,09:40,19:47,54.90,57.70,14:45,14:43,7.60,0.00,1158,15.00,10.20,2.50,1.90,1.72,5364,110.93,-44.90,52.90,-45.30,-44.80,
29/10/12,09:52,19:45,56.70,56.70,14:47,14:49,1.78,0.00,1317,8.90,8.90,2.80,1.60,1.08,5426,92.92,-46.20,55.00,-45.80,-46.30,
30/10/12,09:57,19:49,57.60,55.50,14:52,14:53,1.58,0.00,534,5.20,5.60,2.20,1.00,0.68,5462,115.43,-47.30,54.70,-47.10,-47.30,
31/10/12,09:59,19:49,56.10,56.30,14:59,14:59,1.68,0.00,507,12.00,11.90,2.30,4.70,0.18,5534,119.22,-47.60,54.30,-48.90,-48.90,
01/11/12,10:20,19:21,61.60,62.40,14:53,14:52,2.34,0.00,931,14.60,13.70,5.40,4.90,1.42,5606,125.53,-46.70,60.60,-47.40,-47.10,
02/11/12,10:24,19:48,62.20,62.10,15:05,14:57,1.82,0.00,910,4.80,7.70,1.80,2.90,-0.16,5688,114.03,-50.60,57.10,-50.40,-48.40,
03/11/12,10:56,19:57,61.40,60.60,15:28,15:28,2.06,0.00,597,14.00,15.00,5.40,5.30,0.36,5778,127.33,-55.70,59.60,-56.10,-56.10,
04/11/12,10:49,19:50,59.60,58.10,15:20,15:20,2.60,0.00,812,7.60,8.10,3.10,3.00,0.08,5849,128.22,-54.00,59.20,-54.10,-54.10,
05/11/12,10:46,19:41,60.30,61.80,15:13,15:14,11.38,0.00,1229,6.60,5.30,2.60,2.00,-1.02,5888,117.83,-52.50,59.20,-52.30,-52.60,
06/11/12,11:12,19:47,63.80,63.50,15:28,15:28,2.08,0.00,606,16.30,17.90,7.00,7.40,-1.34,5925,128.13,-56.50,61.00,-56.10,-56.10,
07/11/12,10:52,19:32,61.40,61.20,15:16,15:15,10.64,0.00,1213,13.40,13.70,5.50,5.70,-1.60,5972,97.42,-52.10,59.90,-53.10,-52.80,
08/11/12,11:13,19:30,63.00,63.00,15:18,15:18,-2.02,0.00,883,8.40,8.40,3.60,3.60,-2.58,6009,116.43,-54.40,61.70,-53.60,-53.60,
09/11/12,11:25,19:35,62.80,62.80,15:36,15:36,0.76,0.00,790,14.00,14.00,6.10,6.10,-0.92,6100,112.83,-56.50,62.10,-58.00,-58.00,
10/11/12,11:18,19:23,63.30,63.30,15:30,15:30,-0.84,0.00,703,12.00,12.00,5.80,5.80,-2.22,6134,132.93,-54.10,62.10,-56.50,-56.50,
11/11/12,11:28,19:32,61.90,61.90,15:29,15:29,0.26,0.00,878,11.70,11.70,5.40,5.40,-1.70,6176,120.33,-56.50,61.70,-56.20,-56.20,
12/11/12,11:57,19:17,64.00,64.00,15:36,15:36,-0.14,0.00,831,5.60,5.60,7.70,7.70,-4.48,6192,98.13,-58.20,64.90,-57.90,-57.90,
13/11/12,11:31,19:23,62.30,62.30,15:27,15:27,7.94,0.00,631,8.30,8.30,4.20,4.20,-4.34,6216,105.03,-55.70,62.10,-55.70,-55.70,
14/11/12,11:16,19:24,61.00,61.00,15:28,15:28,1.12,0.00,1286,11.20,11.20,5.30,5.30,-1.62,6242,124.43,-53.90,60.30,-55.90,-55.90,
15/11/12,11:25,19:30,61.40,61.00,15:26,15:26,-2.44,0.00,763,12.40,13.10,6.30,6.40,-3.22,6328,114.03,-55.70,60.30,-55.30,-55.30,
16/11/12,11:46,19:07,62.70,62.70,15:29,15:29,10.82,0.00,607,5.70,5.70,7.80,7.80,-2.22,6380,110.22,-55.40,63.50,-56.00,-56.00,
17/11/12,11:24,19:21,60.00,59.00,15:21,15:21,-1.18,0.00,958,4.90,4.80,2.30,2.30,-2.18,6428,129.43,-54.40,60.30,-54.00,-54.00,
18/11/12,11:25,19:15,60.10,59.90,15:17,15:19,1.28,0.00,1178,4.90,5.20,2.30,2.60,-0.84,6462,61.52,-53.70,60.30,-52.90,-53.40,
19/11/12,11:09,19:14,59.50,60.10,15:12,15:14,-0.58,0.00,697,5.70,5.30,2.90,2.60,-2.30,6494,56.42,-51.50,58.90,-51.60,-52.10,
20/11/12,11:15,18:52,61.90,61.90,15:09,15:09,8.38,0.00,1159,2.00,2.00,2.60,2.60,-4.16,6548,83.92,-49.40,61.00,-50.80,-50.80,
21/11/12,11:21,18:46,65.80,65.80,15:02,15:02,-4.16,0.00,780,1.80,1.80,3.20,3.20,-4.16,6568,144.53,-49.40,61.30,-49.00,-49.00,
22/11/12,11:29,18:56,60.10,59.70,15:16,15:16,0.78,0.00,1012,10.20,10.60,5.50,5.60,-2.84,6588,133.93,-51.60,61.00,-52.40,-52.40,
23/11/12,11:25,18:57,60.30,59.90,15:18,15:18,-1.66,0.00,807,11.30,12.00,6.20,6.30,-2.92,6618,118.43,-51.10,60.30,-52.90,-52.90,
24/11/12,11:12,19:02,59.40,58.90,15:07,15:09,6.78,0.00,252,7.60,7.90,4.20,4.00,0.80,6672,92.13,-50.00,58.90,-50.00,-50.50,
25/11/12,11:39,19:12,60.10,59.50,15:21,15:23,1.22,0.00,49,7.60,8.60,4.20,4.80,1.10,6732,100.72,-54.60,59.90,-53.50,-54.00,
26/11/12,11:38,18:42,60.20,60.20,15:09,15:09,-3.06,0.00,777,6.10,6.10,8.30,8.30,-3.48,6780,125.33,-50.60,61.70,-50.40,-50.40,
27/11/12,11:50,18:52,61.00,61.00,15:22,15:22,1.00,0.00,1000,7.80,7.80,11.00,11.00,-2.40,6812,127.03,-53.30,61.70,-53.50,-53.50,
28/11/12,11:35,18:50,60.10,60.10,15:12,15:12,-0.12,0.00,710,7.80,7.80,11.00,11.00,-1.12,6858,123.53,-51.10,60.60,-51.00,-51.00,
29/11/12,11:12,19:08,57.90,57.10,15:10,15:10,0.74,0.00,264,7.60,9.90,4.30,5.60,0.42,6901,110.22,-50.40,57.10,-50.40,-50.40,
30/11/12,11:26,18:48,59.60,58.80,15:06,15:06,24.76,0.00,328,3.80,3.80,5.10,5.00,-2.72,6958,105.22,-49.50,59.60,-49.30,-49.30,
01/12/12,11:39,18:51,60.30,63.00,15:15,15:11,-3.04,0.00,1108,4.60,2.80,6.30,4.50,-3.44,7004,120.22,-51.40,60.30,-51.40,-50.40,
02/12/12,11:30,18:59,59.50,59.40,15:16,15:14,0.58,0.00,254,2.40,3.30,3.20,4.60,-5.26,7024,152.53,-51.20,58.90,-51.60,-51.10,
03/12/12,11:52,19:18,62.50,60.00,15:33,15:30,0.64,0.00,228,3.30,5.00,5.30,7.20,-0.02,7036,87.42,-56.20,58.90,-55.70,-55.00,
04/12/12,11:46,18:25,60.10,60.10,15:12,15:12,-1.56,0.00,730,4.50,4.50,6.40,6.40,-5.52,7066,114.72,-48.80,62.10,-50.40,-50.40,
05/12/12,11:51,18:42,64.50,64.60,15:23,15:22,-0.28,0.00,928,1.70,1.60,3.40,3.30,-5.82,7092,137.03,-51.40,61.00,-53.00,-52.80,
06/12/12,11:48,18:55,63.90,60.00,15:28,15:23,0.42,0.00,124,1.30,6.30,2.50,9.00,0.02,7106,122.83,-52.60,59.90,-54.20,-52.90,
07/12/12,12:06,18:31,61.60,61.60,15:29,15:29,0.66,0.00,1,5.60,5.60,8.60,8.60,-2.14,7146,112.83,-51.70,62.40,-54.30,-54.30,
08/12/12,11:48,18:46,63.90,63.90,15:19,15:19,-1.74,0.00,789,1.10,1.20,2.30,2.30,-2.14,7178,110.83,-51.20,60.30,-51.70,-51.70,
09/12/12,12:05,18:53,63.60,63.60,15:37,15:37,0.68,0.00,1032,2.40,2.40,4.60,4.60,-2.04,7202,132.53,-54.10,60.60,-56.10,-56.10,
10/12/12,11:50,18:42,63.10,63.10,15:16,15:16,0.04,0.00,901,2.40,2.40,4.50,4.50,0.04,7226,131.72,-50.70,60.30,-50.70,-50.70,
11/12/12,12:07,18:36,61.40,61.40,15:25,15:25,0.20,0.00,51,6.20,6.20,9.60,9.60,0.20,7266,110.33,-52.00,61.70,-52.90,-52.90,
12/12/12,12:22,18:30,61.60,61.60,15:29,15:29,0.54,0.00,192,5.90,5.90,9.30,9.30,0.54,7295,105.63,-53.00,62.80,-53.80,-53.80,
13/12/12,12:23,18:50,60.50,60.50,15:37,15:37,11.66,0.00,144,5.60,5.60,8.40,8.40,-0.28,7324,103.13,-55.50,61.70,-55.60,-55.60,
14/12/12,12:18,18:55,62.40,62.40,15:24,15:24,0.58,0.00,621,5.80,5.80,9.70,9.70,-1.02,7354,93.33,-55.40,61.00,-52.30,-52.30,
15/12/12,12:10,18:25,64.60,64.60,15:23,15:23,0.08,0.00,630,3.40,3.40,7.70,7.70,-2.06,7395,83.03,-50.50,62.40,-51.90,-51.90,
16/12/12,11:52,18:28,63.20,59.90,15:14,15:21,-0.42,0.00,778,2.20,4.40,4.40,6.40,-3.56,7420,138.03,-48.50,61.00,-49.50,-51.30,
17/12/12,12:18,18:58,61.00,61.00,15:38,15:38,-2.72,0.00,918,6.80,6.80,10.50,10.50,-3.44,7444,119.72,-55.40,61.00,-55.40,-55.40,
18/12/12,11:58,18:53,60.80,60.90,15:34,15:34,-1.16,0.00,805,3.00,3.30,4.60,5.10,-1.30,7476,117.63,-52.20,59.90,-54.30,-54.30,
19/12/12,12:23,18:46,64.50,64.50,15:42,15:42,0.22,0.00,436,1.80,1.80,3.90,3.90,-0.46,7502,110.72,-54.30,61.70,-56.20,-56.20,
20/12/12,11:59,19:07,59.70,59.00,15:25,15:29,-0.30,0.00,930,3.10,3.10,4.40,4.50,-0.46,7516,129.82,-53.80,58.90,-51.80,-52.80,
21/12/12,11:59,18:30,64.70,64.70,15:10,15:10,-0.04,0.00,1109,1.50,1.50,3.40,3.40,-0.18,7526,114.83,-49.00,61.30,-47.90,-47.90,
22/12/12,12:35,18:49,61.60,61.60,15:41,15:41,-0.02,0.00,984,5.60,5.60,8.80,8.80,-1.90,7552,101.63,-55.80,62.40,-55.50,-55.50,
23/12/12,12:09,18:59,61.10,61.10,15:37,15:37,-1.80,0.00,887,6.40,6.40,9.90,9.90,-3.76,7566,112.13,-53.70,60.30,-54.40,-54.40,
24/12/12,12:19,18:39,64.70,64.70,15:40,15:40,-3.04,0.00,850,2.00,2.00,4.60,4.60,-5.94,7620,105.93,-52.30,62.10,-55.00,-55.00,
25/12/12,12:06,18:34,60.20,60.20,15:32,15:32,-0.28,0.00,107,4.00,4.00,5.90,5.90,-4.70,7650,116.63,-49.90,61.70,-52.90,-52.90,
26/12/12,11:52,18:42,63.70,63.80,15:18,15:18,-2.30,0.00,367,1.50,1.40,3.00,2.90,-6.22,7674,120.93,-49.00,60.60,-49.30,-49.30,
27/12/12,12:20,18:55,60.10,60.30,15:36,15:36,8.28,0.00,1075,1.50,5.90,3.00,8.80,-4.68,7735,69.33,-54.00,61.30,-53.70,-53.70,
28/12/12,12:09,18:45,60.20,63.70,15:25,15:25,9.00,0.00,35,5.90,2.00,8.60,4.10,-7.22,7786,125.53,-51.30,61.70,-50.80,-50.80,
29/12/12,12:04,19:06,60.50,60.50,15:45,15:45,5.64,0.00,822,3.40,3.80,5.10,5.70,-5.06,7810,109.83,-53.20,59.90,-55.70,-55.70,
30/12/12,12:03,19:01,60.50,60.50,15:36,15:36,-1.16,0.00,770,3.30,3.30,5.00,5.00,-4.94,7846,108.83,-52.30,60.30,-53.30,-53.30,
31/12/12,11:57,19:06,60.00,60.10,15:28,15:29,-1.30,0.00,1378,2.80,2.70,4.00,4.00,-4.64,7882,84.53,-52.10,59.60,-51.20,-51.40,
01/01/13,12:22,18:52,63.90,63.90,15:44,15:44,-2.30,0.00,347,3.00,3.00,6.00,6.00,-3.40,7918,111.72,-53.30,62.40,-55.10,-55.10,
02/01/13,12:25,19:02,60.30,64.30,15:45,15:45,-1.40,0.00,785,5.70,1.70,8.40,3.40,-3.66,7948,140.22,-54.80,62.10,-55.20,-55.20,
03/01/13,12:19,19:15,60.10,59.80,15:43,15:43,-2.62,0.00,719,5.70,1.70,8.10,3.40,-5.62,7984,135.82,-55.60,61.00,-54.60,-54.60,
04/01/13,11:56,18:52,63.50,63.50,15:23,15:23,-1.04,0.00,622,2.50,2.50,4.80,4.80,-4.68,7998,63.73,-49.70,61.00,-49.50,-49.50,
05/01/13,11:58,19:15,59.90,59.60,15:40,15:38,-1.70,0.00,830,2.70,2.80,3.90,3.90,-2.10,8030,71.13,-52.70,59.90,-53.60,-53.10,
06/01/13,11:36,19:24,58.60,57.40,15:29,15:30,-0.04,0.00,927,2.40,8.90,3.20,5.00,-3.92,8046,58.52,-51.00,57.50,-50.80,-51.00,
07/01/13,11:53,19:17,62.80,62.10,15:35,15:36,-2.12,0.00,744,1.00,1.30,1.60,2.00,-2.66,8072,82.63,-52.10,59.60,-52.10,-52.40,
08/01/13,11:51,19:21,61.60,61.10,15:39,15:42,-4.80,0.00,779,2.70,2.80,3.90,4.10,-5.60,8120,56.42,-52.30,59.60,-53.00,-53.80,
09/01/13,11:52,19:15,59.60,58.80,15:37,15:38,-4.46,0.00,748,4.20,4.40,5.70,6.00,-4.46,8146,110.72,-51.60,60.30,-52.40,-52.70,
10/01/13,12:01,19:28,62.10,57.40,15:47,15:34,-1.50,0.00,461,1.60,4.40,2.50,6.00,-8.14,8204,128.72,-54.20,59.90,-54.80,-51.60,
11/01/13,11:42,19:12,60.20,60.10,15:30,15:30,-5.44,0.00,727,3.80,3.90,5.20,5.30,-6.00,8262,156.03,-49.70,59.90,-50.50,-50.50,
12/01/13,12:02,19:30,59.90,58.80,15:36,15:35,-2.54,0.00,803,2.90,3.90,4.00,5.30,-2.56,8272,138.63,-54.40,60.60,-51.90,-51.60,
13/01/13,11:47,19:30,58.40,57.70,15:36,15:37,-0.50,0.00,17,3.90,3.60,2.20,1.90,-0.74,8322,142.13,-52.40,59.60,-51.80,-52.00,
14/01/13,11:42,19:31,59.70,61.60,15:35,15:39,-0.50,0.00,405,6.50,1.70,3.70,2.50,-0.58,8362,139.13,-51.80,59.20,-51.50,-52.50,
15/01/13,11:42,19:15,59.70,58.80,15:29,15:28,-5.40,0.00,743,8.40,1.70,4.60,2.50,-5.54,8404,148.72,-49.70,61.00,-49.90,-49.60,
16/01/13,11:57,19:33,60.00,59.00,15:43,15:40,-1.24,0.00,15,4.30,14.30,5.60,7.50,-3.62,8422,95.13,-53.80,61.00,-53.30,-52.50,
17/01/13,11:18,19:30,57.70,56.50,15:30,15:27,-2.52,0.00,800,7.40,8.00,3.60,4.30,-4.46,8436,131.03,-48.40,58.20,-49.90,-49.20,
18/01/13,11:35,19:38,58.70,57.90,15:35,15:39,-5.16,0.00,790,7.10,5.90,3.80,3.00,-5.46,8462,133.22,-51.50,59.20,-51.10,-52.10,
19/01/13,11:23,19:26,59.40,58.60,15:25,15:24,-0.82,0.00,750,11.20,12.40,5.90,6.40,-0.84,8476,135.43,-48.40,59.60,-48.50,-48.30,
20/01/13,10:56,19:23,59.50,57.30,15:22,15:16,-1.02,0.00,758,11.00,12.40,5.60,5.90,-1.06,8500,130.72,-44.60,57.50,-47.70,-46.20,
21/01/13,11:05,19:42,57.10,56.00,15:20,15:21,0.02,0.00,671,12.90,14.00,6.30,7.20,-1.60,8514,111.13,-48.00,56.80,-47.10,-47.40,
22/01/13,11:07,19:13,59.10,59.10,15:14,15:16,-0.78,0.00,780,12.90,11.90,6.30,6.30,-0.84,8550,152.82,-44.60,60.30,-45.60,-46.10,
23/01/13,11:04,19:41,56.60,57.70,15:19,15:22,1.10,0.00,770,8.40,7.50,4.70,3.80,-2.30,8580,144.13,-47.60,57.80,-46.80,-47.50,
24/01/13,11:08,19:54,54.90,55.80,15:26,15:29,0.22,0.00,1009,8.40,7.20,4.70,4.30,-2.48,8590,141.13,-49.70,57.10,-48.50,-49.20,
25/01/13,11:10,19:58,57.30,55.70,15:36,15:35,-3.32,0.00,757,7.20,7.60,4.00,2.10,-3.42,8618,155.32,-50.40,57.10,-50.90,-50.60,
26/01/13,11:09,19:59,57.00,57.10,15:32,15:32,-1.02,0.00,867,5.90,5.70,2.90,2.60,-1.56,8632,132.72,-50.30,57.50,-49.80,-49.80,
27/01/13,11:03,19:58,56.50,57.00,15:29,15:31,-1.40,0.00,928,4.80,4.20,2.20,1.90,-1.70,8674,145.53,-49.40,57.50,-49.00,-49.50,
28/01/13,11:13,19:58,58.90,58.60,15:35,15:34,-1.16,0.00,518,6.70,6.80,3.20,3.00,-1.56,8694,96.63,-50.60,58.90,-50.50,-50.20,
29/01/13,10:54,19:36,57.50,57.90,15:18,15:18,7.16,0.00,33,11.00,10.60,4.80,4.90,-1.56,8748,100.53,-45.50,59.90,-46.20,-46.20,
30/01/13,10:38,19:32,59.50,61.90,16:07,15:17,1.58,0.00,636,10.10,11.00,4.50,5.00,1.50,8770,150.22,-42.90,58.90,-58.40,-45.90,
31/01/13,11:09,19:59,60.10,61.60,15:38,15:36,3.08,0.00,194,10.10,12.40,4.50,5.40,-2.48,8808,122.33,-50.10,59.90,-51.10,-50.60,
01/02/13,10:43,20:00,56.40,59.10,15:22,15:25,-1.36,0.00,809,5.40,3.20,2.70,1.30,-3.76,8832,146.72,-47.00,57.10,-47.10,-47.80,
02/02/13,10:42,20:16,55.00,53.80,15:27,15:25,-0.62,0.00,602,14.30,16.80,3.30,3.80,-3.10,8842,109.43,-48.80,55.00,-48.30,-47.80,
03/02/13,10:53,20:07,58.70,59.40,15:29,15:31,-0.62,0.00,2,20.20,17.30,7.70,7.60,-0.62,8862,134.32,-49.00,58.50,-48.80,-49.30,
04/02/13,10:52,20:00,58.70,57.40,15:24,15:24,-0.86,0.00,563,17.30,18.60,6.40,7.00,-1.80,8918,135.72,-48.00,59.90,-47.50,-47.50,
05/02/13,10:46,20:04,57.00,56.40,15:23,15:22,-1.08,0.00,1153,17.30,22.30,6.40,9.30,-1.58,8936,127.63,-47.70,59.20,-47.20,-47.00,
06/02/13,10:32,20:01,57.60,57.10,15:18,15:17,-1.92,0.00,622,14.30,14.60,6.50,6.10,-3.16,8960,130.53,-45.60,58.20,-46.00,-45.70,
07/02/13,10:24,19:45,58.40,59.70,15:05,15:03,3.76,0.00,112,14.30,11.50,6.50,4.50,-1.22,9010,103.83,-42.60,59.90,-42.70,-42.20,
08/02/13,09:38,18:32,62.40,62.40,14:04,14:04,4.78,0.00,690,11.90,11.90,4.30,4.30,1.94,9075,129.63,-27.70,63.80,-27.50,-27.50,
09/02/13,09:23,18:33,60.20,62.50,13:56,13:57,4.04,0.00,904,11.70,9.30,3.90,3.30,2.50,9112,113.83,-25.90,62.80,-25.40,-25.70,
10/02/13,08:52,18:19,62.60,8.80,13:45,15:05,3.24,0.00,595,21.20,10.70,7.10,1.40,2.62,9136,67.72,-20.30,61.30,-22.70,-42.70,
11/02/13,09:15,18:36,60.10,61.00,13:53,13:56,3.54,0.00,533,21.20,8.40,7.10,2.70,2.84,9190,66.03,-25.30,62.80,-24.70,-25.40,
12/02/13,09:02,18:31,61.10,60.00,13:49,13:49,3.04,0.00,284,11.90,12.90,3.70,3.70,1.82,9230,95.63,-23.10,62.40,-23.70,-23.70,
13/02/13,09:13,18:43,60.20,62.30,13:56,13:55,1.94,0.00,378,10.00,9.10,2.70,2.60,1.14,9247,51.33,-26.00,63.10,-25.50,-25.20,
14/02/13,08:51,18:44,59.00,57.40,13:47,13:48,13.52,0.00,18,7.60,7.80,2.40,2.40,-0.60,9358,56.02,-23.30,60.30,-23.20,-23.50,
15/02/13,08:53,18:34,60.10,63.30,13:39,13:39,2.40,0.00,503,33.50,20.20,8.80,5.50,-0.82,9394,52.23,-22.30,63.10,-21.20,-21.20,
16/02/13,08:51,18:48,59.60,60.80,13:46,13:46,1.78,0.00,527,7.40,8.70,1.90,2.10,1.76,9460,84.92,-23.90,61.70,-23.00,-23.00,
17/02/13,08:55,18:52,59.80,60.00,13:50,13:49,10.02,0.00,124,10.60,11.20,2.60,2.60,1.84,9530,69.33,-24.90,62.40,-24.00,-23.80,
18/02/13,08:44,18:51,63.40,67.60,13:44,13:38,7.48,0.00,1077,20.20,14.00,4.80,3.80,1.82,9576,74.42,-23.40,61.70,-22.50,-21.00,
19/02/13,08:52,18:48,62.40,60.20,13:49,13:49,2.96,0.00,606,21.20,22.30,4.30,4.90,2.62,9618,69.63,-24.10,64.50,-23.80,-23.80,
20/02/13,08:33,18:48,61.60,69.40,13:40,13:39,3.60,0.00,44,19.40,11.90,3.80,3.20,3.42,9634,83.03,-21.70,62.40,-21.60,-21.30,
21/02/13,08:41,18:56,60.10,62.90,13:49,13:49,3.94,0.00,880,12.70,10.90,2.30,2.10,3.94,9696,68.13,-23.70,63.50,-23.90,-23.90,
22/02/13,08:21,18:51,62.70,69.00,13:39,13:34,4.62,0.00,664,30.00,17.90,5.00,3.90,3.48,9764,55.42,-20.60,61.30,-21.40,-20.10,
23/02/13,08:27,19:04,61.40,64.20,13:42,13:41,10.82,0.00,466,23.70,23.70,4.00,3.80,2.08,9796,79.63,-23.00,61.00,-22.20,-21.90,
24/02/13,08:22,19:10,58.40,57.30,13:42,13:43,3.68,0.00,1362,18.60,15.80,2.70,1.40,3.68,9844,68.03,-23.20,59.60,-22.20,-22.50,
25/02/13,08:28,18:57,66.20,65.00,13:52,13:49,12.52,0.00,6,30.00,33.50,4.20,4.20,2.92,9902,91.92,-22.40,65.60,-24.70,-24.00,
26/02/13,08:06,18:22,100.00,100.00,00:00,00:00,,3.76,0.00,216,38.70,1000000.00,2.30,18.20,-2.92,9934,82.03,-15.30,69.40,-176.80,200.00,
27/02/13,08:11,19:01,62.40,50.20,13:30,13:33,4.40,0.00,1272,47.40,67.00,4.80,2.90,1.12,9988,81.83,-20.80,63.80,-19.30,-20.10,
28/02/13,08:09,19:02,100.00,100.00,00:00,00:00,9.70,0.00,649,38.70,38.70,4.20,9.90,0.58,10042,84.03,-20.80,64.50,-176.90,-176.90,
01/03/13,07:46,19:15,56.80,43.80,13:32,13:33,4.44,0.00,471,17.30,19.40,0.90,0.80,-4.74,10098,76.92,-19.60,51.90,-19.90,-20.20,
02/03/13,07:57,19:19,51.70,52.10,13:38,13:37,4.72,0.00,426,47.40,47.40,1.70,1.80,-5.24,10176,75.83,-21.50,58.20,-21.50,-21.20,
03/03/13,07:54,19:28,46.20,2.50,13:39,13:41,1.76,0.00,683,38.70,25.30,1.20,1.40,-7.04,10242,71.03,-22.30,54.00,-21.80,-22.30,
04/03/13,07:40,19:36,29.30,38.00,13:40,13:40,8.04,0.00,63,47.40,1000000.00,1.40,1.90,-5.60,10284,92.63,-21.60,37.80,-22.10,-22.10,
05/03/13,07:43,19:34,42.90,-15.40,13:41,13:41,4.28,0.00,491,1000000.00,16.80,1.70,1.10,-1.80,10324,115.53,-21.80,45.90,-22.40,-22.40,
06/03/13,07:49,19:55,-12.70,-27.50,13:53,13:52,0.30,0.00,18,20.20,10.50,1.30,0.90,0.30,10416,75.63,-25.20,30.80,-25.50,-25.20,
07/03/13,07:56,19:50,100.00,100.00,00:00,00:00,3.26,0.00,507,38.70,38.70,1000000.00,0.90,2.80,10484,80.92,-25.50,50.10,-177.20,-177.20,
08/03/13,07:53,20:01,-8.20,-5.20,13:54,13:53,3.78,0.00,805,25.30,30.00,1.30,1.50,3.34,10494,74.53,-26.60,33.60,-25.80,-25.60,
09/03/13,07:52,19:53,54.80,-39.60,13:50,13:50,3.32,0.00,572,38.70,9.10,0.80,0.90,2.92,10538,68.33,-25.50,50.80,-24.90,-24.90,
10/03/13,07:41,19:54,58.10,100.00,13:34,13:30,3.70,0.00,169,1000000.00,67.00,5.80,1000000.00,3.70,10594,31.02,-24.30,31.50,-20.90,-19.90,
11/03/13,07:30,19:43,-0.30,14.80,13:42,13:44,4.42,0.00,989,47.40,67.00,1.40,1000000.00,1.22,10626,73.63,-21.60,37.10,-23.00,-23.50,
12/03/13,07:32,20:05,-44.60,-24.20,13:46,13:45,1.98,0.00,481,7.60,18.60,0.80,1.00,1.30,10688,74.22,-24.70,100.00,-24.10,-23.80,
13/03/13,07:35,20:07,0.10,45.50,13:49,13:50,5.46,0.00,795,47.40,38.70,1.30,0.90,-0.06,10752,80.83,-25.40,100.00,-24.90,-25.10,
14/03/13,07:35,19:57,100.00,100.00,00:00,00:00,3.52,0.00,168,67.00,38.70,1000000.00,1000000.00,-1.48,10780,61.33,-24.20,100.00,-177.70,-177.70,
15/03/13,07:15,20:19,-50.10,-50.50,13:49,13:50,1.30,0.00,539,13.70,12.20,1.40,1.30,-1.70,10806,67.83,-24.50,100.00,-25.00,-25.30,
16/03/13,07:38,20:16,100.00,100.00,13:53,13:50,2.90,0.00,784,67.00,67.00,1000000.00,1000000.00,-1.46,10844,60.83,-27.10,100.00,-26.10,-25.40,
17/03/13,08:37,20:19,67.70,67.70,14:15,14:15,2.32,0.00,1394,17.90,17.90,4.00,4.00,-1.88,10888,48.63,-34.90,100.00,-31.70,-31.70,
18/03/13,07:03,20:15,-58.40,-60.10,13:40,13:40,0.10,0.00,483,12.70,17.90,2.90,4.00,-0.92,10928,46.23,-22.80,100.00,-23.00,-23.00,
19/03/13,06:59,20:32,-64.60,-64.60,13:49,13:49,2.12,0.00,1041,7.10,7.10,1.70,1.70,1.50,10998,48.83,-24.50,100.00,-25.30,-25.30,
20/03/13,07:02,20:29,64.10,64.10,13:44,13:44,2.08,0.00,286,5.00,5.00,1.20,1.20,1.24,11024,84.83,-24.50,100.00,-24.10,-24.10,
21/03/13,07:03,20:33,60.30,60.30,13:47,13:47,3.52,0.00,654,20.20,20.20,4.80,4.80,2.92,11054,49.52,-25.20,100.00,-25.00,-25.00,
22/03/13,06:57,20:24,66.20,66.20,13:45,13:45,3.54,0.00,585,10.60,10.60,3.10,3.10,3.46,11110,48.63,-23.40,100.00,-24.50,-24.50,
23/03/13,06:51,20:28,63.60,63.60,13:41,13:41,5.00,0.00,959,16.30,16.30,4.50,4.50,-1.78,11154,79.33,-23.20,100.00,-23.60,-23.60,
24/03/13,06:40,20:40,60.10,60.10,13:43,13:43,-1.48,0.00,469,22.30,22.30,6.50,6.50,-2.80,11176,109.22,-23.40,100.00,-24.20,-24.20,
25/03/13,06:21,20:19,65.30,65.30,13:22,13:22,-0.62,0.00,496,3.50,3.50,1.20,1.20,-5.44,11228,110.33,-18.50,100.00,-19.00,-19.00,
26/03/13,05:55,19:44,60.10,60.10,12:38,12:38,1.86,0.00,414,3.50,3.50,1.20,1.20,0.64,11256,99.22,-11.00,100.00,-8.10,-8.10,
27/03/13,06:07,20:39,67.80,67.80,13:28,13:28,4.08,0.00,1217,3.10,3.10,1.30,1.30,0.10,11304,74.13,-19.40,100.00,-20.70,-20.70,
28/03/13,06:23,21:00,67.80,67.80,13:42,13:42,3.32,0.00,565,2.50,2.50,1.10,1.10,-1.72,11346,70.42,-24.10,100.00,-24.20,-24.20,
29/03/13,06:32,20:37,63.40,63.40,13:41,13:41,0.24,0.00,969,7.40,7.40,2.80,2.80,-2.46,11372,110.63,-22.40,64.90,-24.10,-24.10,
30/03/13,06:23,20:44,63.40,63.40,13:26,13:26,-1.70,0.00,927,8.30,8.30,3.40,3.40,-1.90,11384,107.43,-22.30,66.30,-20.40,-20.40,
31/03/13,05:44,21:00,68.60,68.60,13:19,13:19,-3.44,0.00,1027,3.60,3.60,2.00,2.00,-5.40,11410,98.83,-19.50,71.50,-18.70,-18.70,
01/04/13,05:33,20:37,68.00,68.00,13:06,13:06,-0.92,0.00,200,3.60,3.60,2.00,2.00,-4.34,11437,115.22,-15.30,69.40,-15.50,-15.50,
02/04/13,04:23,20:31,70.70,70.70,12:24,12:24,-0.26,0.00,899,2.30,2.30,2.20,2.20,-5.08,11494,103.72,-5.90,73.70,-5.10,-5.10,
03/04/13,04:38,20:27,71.20,71.20,12:30,12:30,-4.54,0.00,1129,2.80,2.80,3.10,3.10,-6.90,11546,78.22,-7.30,71.90,-6.70,-6.70,
04/04/13,24:21,45:02,77.10,77.10,34:40,34:40,-11.80,0.00,162,1.40,1.40,5.30,5.30,-13.76,11616,78.63,20.30,80.00,20.70,20.70,
05/04/13,25:49,45:43,71.90,71.90,35:47,35:47,5.72,0.00,795,4.70,4.70,6.80,6.80,-11.70,11664,89.42,4.10,78.90,3.80,3.80,
06/04/13,25:04,45:16,72.00,72.00,35:27,35:27,-2.98,0.00,1204,5.00,5.00,8.00,8.00,-7.58,11728,82.13,13.00,78.60,8.80,8.80,
07/04/13,24:47,46:44,76.70,76.70,35:19,35:19,-8.90,0.00,209,1.10,1.10,5.50,5.50,-11.72,11738,116.22,4.10,79.30,10.70,10.70,
08/04/13,24:05,47:47,100.00,100.00,00:00,00:00,-4.60,0.00,284,38.70,38.70,1000000.00,1000000.00,-12.38,11788,112.83,1.40,79.30,-179.50,-179.50,
09/04/13,23:15,47:02,73.10,73.10,35:16,35:16,-3.30,0.00,113,4.10,4.10,8.10,8.10,-4.90,11836,94.53,13.20,78.90,11.30,11.30,
10/04/13,13:52,38:22,71.60,71.60,25:32,25:32,-1.14,0.00,101,7.50,7.50,14.90,14.90,-3.26,11848,103.13,148.50,78.60,157.30,157.30,
11/04/13,21:20,45:50,68.10,68.10,34:27,34:27,-3.30,0.00,1034,9.10,9.10,12.90,12.90,-7.26,11884,118.63,36.40,78.20,23.40,23.40,
12/04/13,00:00,24:31,71.20,71.20,10:46,10:46,0.04,0.00,1050,6.80,6.80,8.70,8.70,-5.60,11914,102.72,-3.70,77.90,18.70,18.70,
13/04/13,00:03,24:31,61.00,61.00,11:18,11:18,-0.28,0.00,1041,17.90,17.90,7.40,7.40,-6.00,11962,105.63,-4.10,77.50,10.60,10.60,
14/04/13,13:52,38:23,67.10,67.10,26:01,26:01,-5.52,0.00,83,8.50,8.50,14.30,14.30,-8.68,12022,79.72,148.20,77.20,149.80,149.80,
15/04/13,00:00,24:31,68.90,68.90,10:59,10:59,-3.76,0.00,1265,6.80,6.80,17.20,17.20,-3.86,12092,103.93,-3.90,76.80,15.30,15.30,
16/04/13,14:24,38:55,100.00,100.00,00:00,00:00,,-1.96,0.00,1275,38.70,1000000.00,8.10,1000000.00,-1.96,12136,67.72,140.00,76.50,180.00,200.00,
17/04/13,21:52,45:53,77.60,77.60,35:17,35:17,-7.38,0.00,446,2.90,2.90,21.10,21.10,-11.84,12164,17.02,31.70,76.10,10.60,10.60,
18/04/13,01:36,25:06,68.60,68.60,11:47,11:47,-1.00,0.00,648,14.60,14.60,18.20,18.20,-3.18,12222,95.22,-20.40,75.80,3.10,3.10,
19/04/13,22:56,47:27,67.80,67.80,34:51,34:51,-1.30,0.00,134,5.50,5.50,12.20,12.20,-1.90,12280,74.83,11.80,75.40,17.00,17.00,
20/04/13,22:26,46:51,66.70,66.70,34:29,34:29,1.02,0.00,1225,8.50,8.50,11.50,11.50,-1.46,12309,79.72,20.00,75.10,22.40,22.40,
21/04/13,03:44,27:45,66.10,66.10,14:58,14:58,-1.34,0.00,22,6.80,6.80,8.00,8.00,-1.34,12340,127.43,-56.50,74.70,-44.80,-44.80,
22/04/13,00:00,24:31,63.20,63.20,12:48,12:48,-0.08,0.00,25,8.40,8.40,7.10,7.10,-1.30,12360,26.02,-4.30,74.40,-12.40,-12.40,
23/04/13,03:12,27:06,66.10,66.10,15:02,15:02,-1.48,0.00,1091,7.10,7.10,18.20,18.20,-3.06,12410,59.52,-47.70,74.00,-45.90,-45.90,
24/04/13,00:00,24:31,66.20,66.20,12:13,12:13,-1.22,0.00,1374,6.50,6.50,14.90,14.90,-3.66,12438,97.13,-4.30,73.70,-3.70,-3.70,
25/04/13,03:12,27:43,64.50,64.50,15:29,15:29,-2.26,0.00,10,10.30,10.30,11.80,11.80,-4.38,12448,91.22,-52.40,73.30,-52.80,-52.80,
26/04/13,18:08,42:39,63.90,63.90,30:13,30:13,0.56,0.00,476,13.70,13.70,13.80,13.80,-4.16,12489,96.22,83.50,72.90,86.20,86.20,
27/04/13,06:24,30:29,60.40,60.40,18:39,18:39,-2.78,0.00,89,7.30,7.30,4.90,4.90,-3.52,12512,43.33,-97.20,72.60,-100.40,-100.40,
28/04/13,02:08,26:39,63.00,63.00,14:25,14:25,-1.58,0.00,85,14.00,14.00,13.80,13.80,-3.62,12582,116.33,-36.50,72.20,-36.90,-36.90,
29/04/13,09:04,33:35,63.00,63.00,21:10,21:10,1.26,0.00,456,11.90,11.90,14.30,14.30,-0.26,12614,111.83,-140.60,71.90,-138.20,-138.20,
30/04/13,13:52,38:23,49.00,49.00,26:27,26:27,3.34,0.00,322,18.60,18.60,6.00,6.00,-1.80,12672,106.22,147.40,71.50,142.50,142.50,
01/05/13,06:24,30:28,62.40,62.40,18:18,18:18,-1.74,0.00,864,14.00,14.00,17.20,17.20,-4.82,12689,29.43,-97.20,71.20,-95.20,-95.20,
02/05/13,16:00,40:05,62.10,62.10,27:59,27:59,-1.26,0.00,1391,13.10,13.10,16.30,16.30,-1.62,12690,31.82,118.60,71.20,119.50,119.50,
03/05/13,08:32,33:03,60.30,60.30,21:01,21:01,-1.88,0.00,757,17.90,17.90,13.80,13.80,-1.96,12726,114.03,-132.70,70.80,-136.00,-136.00,
04/05/13,22:56,47:27,60.70,60.70,36:01,36:01,1.34,0.00,120,17.90,17.90,14.30,14.30,-2.30,12736,91.83,11.30,70.50,-1.10,-1.10,
05/05/13,16:00,40:23,60.20,60.20,28:06,28:06,-1.72,0.00,306,19.40,19.40,15.50,15.50,-6.70,12770,95.53,116.30,70.10,117.70,117.70,
06/05/13,12:48,36:36,60.20,60.20,24:02,24:02,-0.80,0.00,277,11.70,11.70,9.90,9.90,-2.80,12786,45.23,168.60,69.80,178.60,178.60,
07/05/13,04:48,29:19,60.10,60.10,17:03,17:03,-1.80,0.00,33,16.80,16.80,18.20,18.20,-2.84,12816,73.03,-76.70,69.40,-76.60,-76.60,
08/05/13,18:08,42:38,60.10,60.10,30:29,30:29,-0.36,0.00,1428,16.80,16.80,18.20,18.20,-0.68,12868,106.03,83.40,69.40,81.90,81.90,
09/05/13,08:00,32:31,60.40,60.40,20:07,20:07,-0.90,0.00,822,6.80,6.80,9.70,9.70,-1.38,12895,96.92,-124.80,69.10,-122.60,-122.60,
10/05/13,06:24,30:55,60.10,60.10,17:38,17:38,-0.46,0.00,487,6.50,6.50,9.30,9.30,-1.30,12927,0.93,-100.80,68.70,-85.40,-85.40,
11/05/13,05:20,29:51,54.30,54.30,16:59,16:59,1.16,0.00,626,17.30,17.30,8.50,8.50,-3.06,12980,85.03,-84.80,68.40,-75.70,-75.70,
12/05/13,04:50,29:19,60.40,60.40,16:26,16:26,0.78,0.00,101,6.00,6.00,16.30,16.30,-2.20,12993,73.03,-77.00,68.40,-67.40,-67.40,
13/05/13,19:44,44:13,60.10,60.10,31:54,31:54,-2.82,0.00,691,8.70,8.70,25.80,25.80,-3.10,13036,85.03,59.50,68.00,60.60,60.60,
14/05/13,16:00,40:31,60.10,60.10,27:36,27:36,-0.60,0.00,407,8.70,8.70,25.80,25.80,-2.26,13076,92.22,115.20,67.70,125.10,125.10,
15/05/13,06:24,30:55,70.00,70.00,18:47,18:47,-0.68,0.00,421,3.60,3.60,1000000.00,1000000.00,-2.12,13110,94.92,-100.80,67.30,-102.70,-102.70,
16/05/13,01:16,25:35,57.00,57.00,13:29,13:29,1.40,0.00,1040,21.20,21.20,13.30,13.30,-0.42,13133,86.53,-22.30,67.30,-23.20,-23.20,
17/05/13,18:08,41:49,57.20,57.20,30:01,30:01,-0.24,0.00,147,6.50,6.50,6.60,6.60,-0.60,13163,12.53,89.50,67.00,88.90,88.90,
18/05/13,08:00,32:24,52.60,52.60,19:34,19:34,-0.50,0.00,1123,10.20,10.20,5.20,5.20,-0.68,13186,88.13,-123.90,67.00,-114.40,-114.40,
19/05/13,03:44,28:15,57.10,57.10,15:57,15:57,0.30,0.00,893,5.80,5.80,6.80,6.80,-0.28,13233,70.72,-60.80,66.60,-60.10,-60.10,
20/05/13,00:32,25:03,62.90,62.90,12:55,12:55,-0.36,0.00,97,4.60,4.60,15.50,15.50,-0.96,13280,88.63,-12.70,66.30,-14.60,-14.60,
21/05/13,19:44,44:15,100.00,100.00,00:00,00:00,,1.00,0.00,337,38.70,1000000.00,1000000.00,11.80,-0.62,13294,87.33,59.30,66.30,179.10,200.00,
22/05/13,14:24,38:47,68.90,68.90,26:18,26:18,0.74,0.00,675,3.60,3.60,1000000.00,1000000.00,-1.02,13309,48.92,140.30,65.90,144.70,144.70,
23/05/13,20:16,44:46,55.00,55.00,31:35,31:35,-1.36,0.00,593,9.00,9.00,5.80,5.80,-2.56,13323,32.63,51.50,65.90,65.50,65.50,
24/05/13,03:44,27:52,54.90,54.90,15:14,15:14,-0.04,0.00,396,8.70,8.70,5.70,5.70,-1.84,13358,69.03,-57.80,65.60,-49.30,-49.30,
25/05/13,18:40,42:49,70.10,70.10,30:45,30:45,0.22,0.00,1423,1000000.00,1000000.00,1000000.00,1000000.00,-1.36,13370,75.03,78.10,65.60,78.00,78.00,
26/05/13,23:28,47:44,66.90,66.90,34:39,34:39,0.04,0.00,17,5.30,5.30,1000000.00,1000000.00,-0.34,13422,83.83,5.30,65.20,19.50,19.50,
27/05/13,19:12,43:34,66.60,66.60,30:06,30:06,0.16,0.00,538,4.30,4.30,36.50,36.50,-0.56,13472,99.53,68.60,65.20,87.80,87.80,
28/05/13,12:16,36:47,55.80,55.80,24:22,24:22,17.06,0.00,211,4.30,4.30,5.90,5.90,-0.50,13498,102.93,171.50,64.90,173.80,173.80,
29/05/13,18:08,42:39,67.30,67.30,30:35,30:35,0.34,0.00,274,15.40,15.40,1000000.00,1000000.00,-0.42,13510,102.03,83.50,64.90,80.60,80.60,
30/05/13,01:36,26:07,100.00,100.00,00:00,00:00,2.78,0.00,937,38.70,38.70,1000000.00,1.90,1.54,13518,97.63,-28.50,64.50,179.40,179.40,
31/05/13,22:56,47:27,66.20,66.20,34:27,34:27,3.94,0.00,996,4.60,4.60,1000000.00,1000000.00,3.12,13524,80.03,11.60,64.50,22.70,22.70,
01/06/13,11:44,35:54,69.10,69.10,23:06,23:06,4.22,0.00,27,38.70,38.70,1000000.00,1000000.00,3.38,13532,82.92,-177.80,64.50,-167.00,-167.00,
02/06/13,22:24,46:45,52.70,52.70,33:43,33:43,0.98,0.00,357,12.40,12.40,8.00,8.00,-0.40,13558,71.53,20.90,64.20,33.80,33.80,
03/06/13,23:28,47:22,68.70,68.70,35:38,35:38,0.44,0.00,46,1000000.00,1000000.00,1000000.00,1000000.00,-0.82,13559,67.72,8.30,64.20,5.10,5.10,
04/06/13,13:52,38:23,53.00,53.00,24:43,24:43,0.76,0.00,176,19.40,19.40,13.80,13.80,-0.20,13572,82.13,147.70,63.80,168.90,168.90,
05/06/13,04:16,28:47,100.00,100.00,00:00,00:00,,-0.14,46.52,9,38.70,67.00,1000000.00,18.20,-0.28,13575,94.92,-68.20,63.80,179.60,200.00,
06/06/13,04:45,28:47,64.10,64.10,16:45,16:45,1.02,0.00,347,2.60,2.60,13.80,13.80,-0.30,13590,93.33,-71.80,63.80,-71.60,-71.60,
07/06/13,21:52,46:07,68.40,68.40,32:24,32:24,0.04,31.73,767,1000000.00,1000000.00,1000000.00,1000000.00,-0.46,13599,107.22,29.90,63.80,53.80,53.80,
08/06/13,10:40,34:56,69.10,69.10,22:14,22:14,1.94,0.00,457,1000000.00,1000000.00,1000000.00,1000000.00,-0.30,13609,84.92,-162.20,63.50,-153.70,-153.70,
09/06/13,01:04,25:35,49.70,49.70,13:55,13:55,1.36,0.00,180,11.30,11.30,6.50,6.50,-0.26,13616,84.92,-20.00,63.50,-28.90,-28.90,
10/06/13,09:36,33:39,53.20,53.20,21:15,21:15,1.24,0.00,9,9.30,9.30,9.90,9.90,-0.04,13627,99.03,-144.50,63.50,-138.90,-138.90,
11/06/13,07:28,31:59,51.40,51.40,19:20,19:20,1.12,0.00,969,9.00,9.00,5.60,5.60,-0.42,13645,108.53,-115.90,63.50,-110.10,-110.10,
12/06/13,08:02,32:07,55.20,55.20,19:17,19:17,1.84,0.00,574,4.60,4.60,9.40,9.40,-0.34,13649,73.33,-121.10,63.50,-109.30,-109.30,
13/06/13,20:16,44:17,49.90,49.90,31:04,31:04,1.96,0.00,813,11.90,11.90,7.20,7.20,0.06,13657,105.43,55.90,63.10,74.10,74.10,
14/06/13,20:48,45:10,100.00,100.00,00:00,00:00,1.12,0.00,624,38.70,38.70,1000000.00,1000000.00,-0.16,13669,103.93,45.40,63.10,-179.90,-179.90,
15/06/13,01:04,25:33,49.50,49.50,11:39,11:39,1.44,0.00,380,11.70,11.70,6.50,6.50,-0.24,13685,107.93,-19.50,63.10,5.40,5.40,
16/06/13,03:44,27:50,67.60,67.60,14:48,14:48,17.04,0.00,786,67.00,67.00,1000000.00,1000000.00,-0.08,13703,94.83,-56.60,63.10,-41.80,-41.80,
17/06/13,02:40,26:54,50.20,50.20,13:31,13:31,1.78,0.00,600,9.00,9.00,5.30,5.30,-0.26,13707,83.03,-41.50,63.10,-22.50,-22.50,
18/06/13,20:48,45:19,50.30,50.30,31:23,31:23,1.54,0.00,614,9.00,9.00,5.50,5.50,-0.18,13717,68.33,44.50,63.10,69.60,69.60,
19/06/13,20:16,41:11,60.20,60.20,30:46,30:46,2.24,0.00,357,4.10,4.10,16.30,16.30,-0.14,13735,96.42,79.50,61.00,78.90,78.90,
