"Twilight","Rise","Deleted","Marker","Inserted","Twilight3","Marker3"
2015-07-15 19:34:02,FALSE,FALSE,0,FALSE,2015-07-15 19:34:02,0
2015-07-16 03:01:00,TRUE,FALSE,0,FALSE,2015-07-16 03:01:00,0
2015-07-16 19:43:53,FALSE,FALSE,0,FALSE,2015-07-16 19:43:53,0
2015-07-17 02:51:06,TRUE,FALSE,0,FALSE,2015-07-17 02:51:06,0
2015-07-17 19:48:53,FALSE,FALSE,0,FALSE,2015-07-17 19:48:53,0
2015-07-18 02:46:06,TRUE,FALSE,0,FALSE,2015-07-18 02:46:06,0
2015-07-18 19:28:53,FALSE,FALSE,0,FALSE,2015-07-18 19:28:53,0
2015-07-19 03:01:06,TRUE,FALSE,0,FALSE,2015-07-19 03:01:06,0
2015-07-19 19:33:57,FALSE,FALSE,0,FALSE,2015-07-19 19:33:57,0
2015-07-20 02:36:06,TRUE,FALSE,0,FALSE,2015-07-20 02:36:06,0
2015-07-20 19:28:53,FALSE,FALSE,0,FALSE,2015-07-20 19:28:53,0
2015-07-21 02:51:06,TRUE,FALSE,0,FALSE,2015-07-21 02:51:06,0
2015-07-21 19:48:53,FALSE,FALSE,0,FALSE,2015-07-21 19:48:53,0
2015-07-22 03:01:06,TRUE,FALSE,0,FALSE,2015-07-22 03:01:06,0
2015-07-22 19:28:53,FALSE,FALSE,0,FALSE,2015-07-22 19:28:53,0
2015-07-23 03:16:06,TRUE,FALSE,0,FALSE,2015-07-23 03:16:06,0
2015-07-23 19:08:53,FALSE,FALSE,0,FALSE,2015-07-23 19:08:53,0
2015-07-24 03:11:06,TRUE,FALSE,0,FALSE,2015-07-24 03:11:06,0
2015-07-24 19:33:53,FALSE,FALSE,0,FALSE,2015-07-24 19:33:53,0
2015-07-25 03:11:06,TRUE,FALSE,0,FALSE,2015-07-25 03:11:06,0
2015-07-25 19:23:53,FALSE,FALSE,0,FALSE,2015-07-25 19:23:53,0
2015-07-26 03:11:06,TRUE,FALSE,0,FALSE,2015-07-26 03:11:06,0
2015-07-26 19:33:53,FALSE,FALSE,0,FALSE,2015-07-26 19:33:53,0
2015-07-27 03:16:06,TRUE,FALSE,0,FALSE,2015-07-27 03:16:06,0
2015-07-27 19:09:12,FALSE,FALSE,0,FALSE,2015-07-27 19:09:12,0
2015-07-28 03:01:06,TRUE,FALSE,0,FALSE,2015-07-28 03:01:06,0
2015-07-28 19:08:53,FALSE,FALSE,0,FALSE,2015-07-28 19:08:53,0
2015-07-29 03:16:06,TRUE,FALSE,0,FALSE,2015-07-29 03:16:06,0
2015-07-29 19:33:53,FALSE,FALSE,0,FALSE,2015-07-29 19:33:53,0
2015-07-30 03:01:02,TRUE,FALSE,0,FALSE,2015-07-30 03:01:02,0
2015-07-30 19:33:53,FALSE,FALSE,0,FALSE,2015-07-30 19:33:53,0
2015-07-31 02:56:06,TRUE,FALSE,0,FALSE,2015-07-31 02:56:06,0
2015-07-31 19:23:53,FALSE,FALSE,0,FALSE,2015-07-31 19:23:53,0
2015-08-01 03:16:06,TRUE,FALSE,0,FALSE,2015-08-01 03:16:06,0
2015-08-01 19:23:53,FALSE,FALSE,0,FALSE,2015-08-01 19:23:53,0
2015-08-02 03:16:06,TRUE,FALSE,0,FALSE,2015-08-02 03:16:06,0
2015-08-02 19:23:53,FALSE,FALSE,0,FALSE,2015-08-02 19:23:53,0
2015-08-03 03:06:06,TRUE,FALSE,0,FALSE,2015-08-03 03:06:06,0
2015-08-03 19:23:53,FALSE,FALSE,0,FALSE,2015-08-03 19:23:53,0
2015-08-04 03:11:06,TRUE,FALSE,0,FALSE,2015-08-04 03:11:06,0
2015-08-04 18:53:53,FALSE,FALSE,0,FALSE,2015-08-04 18:53:53,0
2015-08-05 03:26:06,TRUE,FALSE,0,FALSE,2015-08-05 03:26:06,0
2015-08-05 19:18:53,FALSE,FALSE,0,FALSE,2015-08-05 19:18:53,0
2015-08-06 03:11:06,TRUE,FALSE,0,FALSE,2015-08-06 03:11:06,0
2015-08-06 19:23:53,FALSE,FALSE,0,FALSE,2015-08-06 19:23:53,0
2015-08-07 03:21:02,TRUE,FALSE,0,FALSE,2015-08-07 03:21:02,0
2015-08-07 19:03:53,FALSE,FALSE,0,FALSE,2015-08-07 19:03:53,0
2015-08-08 03:16:00,TRUE,FALSE,0,FALSE,2015-08-08 03:16:00,0
2015-08-08 19:13:57,FALSE,FALSE,0,FALSE,2015-08-08 19:13:57,0
2015-08-09 03:26:02,TRUE,FALSE,0,FALSE,2015-08-09 03:26:02,0
2015-08-09 19:08:53,FALSE,FALSE,0,FALSE,2015-08-09 19:08:53,0
2015-08-10 03:26:06,TRUE,FALSE,0,FALSE,2015-08-10 03:26:06,0
2015-08-10 18:58:57,FALSE,FALSE,0,FALSE,2015-08-10 18:58:57,0
2015-08-11 03:36:06,TRUE,FALSE,0,FALSE,2015-08-11 03:36:06,0
2015-08-11 18:58:57,FALSE,FALSE,0,FALSE,2015-08-11 18:58:57,0
2015-08-12 03:26:06,TRUE,FALSE,0,FALSE,2015-08-12 03:26:06,0
2015-08-12 19:03:53,FALSE,FALSE,0,FALSE,2015-08-12 19:03:53,0
2015-08-13 03:36:06,TRUE,FALSE,0,FALSE,2015-08-13 03:36:06,0
2015-08-13 19:03:53,FALSE,FALSE,0,FALSE,2015-08-13 19:03:53,0
2015-08-14 03:36:06,TRUE,FALSE,0,FALSE,2015-08-14 03:36:06,0
2015-08-14 18:28:53,FALSE,FALSE,0,FALSE,2015-08-14 18:28:53,0
2015-08-15 03:31:06,TRUE,FALSE,0,FALSE,2015-08-15 03:31:06,0
2015-08-15 19:08:53,FALSE,FALSE,0,FALSE,2015-08-15 19:08:53,0
2015-08-16 03:36:06,TRUE,FALSE,0,FALSE,2015-08-16 03:36:06,0
2015-08-16 18:43:53,FALSE,FALSE,0,FALSE,2015-08-16 18:43:53,0
2015-08-17 03:46:00,TRUE,FALSE,0,FALSE,2015-08-17 03:46:00,0
2015-08-17 18:18:53,FALSE,FALSE,0,FALSE,2015-08-17 18:18:53,0
2015-08-18 03:46:06,TRUE,FALSE,0,FALSE,2015-08-18 03:46:06,0
2015-08-18 18:33:57,FALSE,FALSE,0,FALSE,2015-08-18 18:33:57,0
2015-08-19 03:51:06,TRUE,FALSE,0,FALSE,2015-08-19 03:51:06,0
2015-08-19 18:33:53,FALSE,FALSE,0,FALSE,2015-08-19 18:33:53,0
2015-08-20 03:51:02,TRUE,FALSE,0,FALSE,2015-08-20 03:51:02,0
2015-08-20 18:33:53,FALSE,FALSE,0,FALSE,2015-08-20 18:33:53,0
2015-08-21 03:46:06,TRUE,FALSE,0,FALSE,2015-08-21 03:46:06,0
2015-08-21 18:43:57,FALSE,FALSE,0,FALSE,2015-08-21 18:43:57,0
2015-08-22 03:41:06,TRUE,FALSE,0,FALSE,2015-08-22 03:41:06,0
2015-08-22 18:28:57,FALSE,FALSE,0,FALSE,2015-08-22 18:28:57,0
2015-08-23 03:41:06,TRUE,FALSE,0,FALSE,2015-08-23 03:41:06,0
2015-08-23 18:24:08,FALSE,FALSE,0,FALSE,2015-08-23 18:24:08,0
2015-08-24 03:51:02,TRUE,FALSE,0,FALSE,2015-08-24 03:51:02,0
2015-08-24 18:33:53,FALSE,FALSE,0,FALSE,2015-08-24 18:33:53,0
2015-08-25 04:05:53,TRUE,FALSE,0,FALSE,2015-08-25 04:05:53,0
2015-08-25 18:38:53,FALSE,FALSE,0,FALSE,2015-08-25 18:38:53,0
2015-08-26 04:01:06,TRUE,FALSE,0,FALSE,2015-08-26 04:01:06,0
2015-08-26 18:23:53,FALSE,FALSE,0,FALSE,2015-08-26 18:23:53,0
2015-08-27 03:51:06,TRUE,FALSE,0,FALSE,2015-08-27 03:51:06,0
2015-08-27 18:28:53,FALSE,FALSE,0,FALSE,2015-08-27 18:28:53,0
2015-08-28 04:30:49,TRUE,FALSE,0,FALSE,2015-08-28 04:30:49,0
2015-08-28 18:18:53,FALSE,FALSE,0,FALSE,2015-08-28 18:18:53,0
2015-08-29 04:01:02,TRUE,FALSE,0,FALSE,2015-08-29 04:01:02,0
2015-08-29 18:13:53,FALSE,FALSE,0,FALSE,2015-08-29 18:13:53,0
2015-08-30 03:56:02,TRUE,FALSE,0,FALSE,2015-08-30 03:56:02,0
2015-08-30 18:28:53,FALSE,FALSE,0,FALSE,2015-08-30 18:28:53,0
2015-08-31 03:56:06,TRUE,FALSE,0,FALSE,2015-08-31 03:56:06,0
2015-08-31 18:13:53,FALSE,FALSE,0,FALSE,2015-08-31 18:13:53,0
2015-09-01 04:10:49,TRUE,FALSE,0,FALSE,2015-09-01 04:10:49,0
2015-09-01 17:58:53,FALSE,FALSE,0,FALSE,2015-09-01 17:58:53,0
2015-09-02 04:11:06,TRUE,FALSE,0,FALSE,2015-09-02 04:11:06,0
2015-09-02 17:53:53,FALSE,FALSE,0,FALSE,2015-09-02 17:53:53,0
2015-09-03 04:36:02,TRUE,FALSE,0,FALSE,2015-09-03 04:36:02,0
2015-09-03 18:13:53,FALSE,FALSE,0,FALSE,2015-09-03 18:13:53,0
2015-09-04 04:31:06,TRUE,FALSE,0,FALSE,2015-09-04 04:31:06,0
2015-09-04 18:13:53,FALSE,FALSE,0,FALSE,2015-09-04 18:13:53,0
2015-09-05 04:36:06,TRUE,FALSE,0,FALSE,2015-09-05 04:36:06,0
2015-09-05 18:03:53,FALSE,FALSE,0,FALSE,2015-09-05 18:03:53,0
2015-09-06 04:31:06,TRUE,FALSE,0,FALSE,2015-09-06 04:31:06,0
2015-09-06 18:18:57,FALSE,FALSE,0,FALSE,2015-09-06 18:18:57,0
2015-09-07 04:36:02,TRUE,FALSE,0,FALSE,2015-09-07 04:36:02,0
2015-09-07 18:23:57,FALSE,FALSE,0,FALSE,2015-09-07 18:23:57,0
2015-09-08 04:46:02,TRUE,FALSE,0,FALSE,2015-09-08 04:46:02,0
2015-09-08 18:14:03,FALSE,FALSE,0,FALSE,2015-09-08 18:14:03,0
2015-09-09 05:15:50,TRUE,FALSE,0,FALSE,2015-09-09 05:15:50,0
2015-09-09 18:19:06,FALSE,FALSE,0,FALSE,2015-09-09 18:19:06,0
2015-09-10 05:06:06,TRUE,FALSE,0,FALSE,2015-09-10 05:06:06,0
2015-09-10 18:14:03,FALSE,FALSE,0,FALSE,2015-09-10 18:14:03,0
2015-09-11 05:05:49,TRUE,FALSE,0,FALSE,2015-09-11 05:05:49,0
2015-09-11 18:13:53,FALSE,FALSE,0,FALSE,2015-09-11 18:13:53,0
2015-09-12 05:06:00,TRUE,FALSE,0,FALSE,2015-09-12 05:06:00,0
2015-09-12 17:49:00,FALSE,FALSE,0,FALSE,2015-09-12 17:49:00,0
2015-09-13 05:11:02,TRUE,FALSE,0,FALSE,2015-09-13 05:11:02,0
2015-09-13 17:54:09,FALSE,FALSE,0,FALSE,2015-09-13 17:54:09,0
2015-09-14 05:01:06,TRUE,FALSE,0,FALSE,2015-09-14 05:01:06,0
2015-09-14 18:08:57,FALSE,FALSE,0,FALSE,2015-09-14 18:08:57,0
2015-09-15 05:05:52,TRUE,FALSE,0,FALSE,2015-09-15 05:05:52,0
2015-09-15 18:03:53,FALSE,FALSE,0,FALSE,2015-09-15 18:03:53,0
2015-09-16 05:06:00,TRUE,FALSE,0,FALSE,2015-09-16 05:06:00,0
2015-09-16 17:58:53,FALSE,FALSE,0,FALSE,2015-09-16 17:58:53,0
2015-09-17 05:10:49,TRUE,FALSE,0,FALSE,2015-09-17 05:10:49,0
2015-09-17 18:09:06,FALSE,FALSE,0,FALSE,2015-09-17 18:09:06,0
2015-09-18 05:11:06,TRUE,FALSE,0,FALSE,2015-09-18 05:11:06,0
2015-09-18 18:03:53,FALSE,FALSE,0,FALSE,2015-09-18 18:03:53,0
2015-09-19 05:20:50,TRUE,FALSE,0,FALSE,2015-09-19 05:20:50,0
2015-09-19 18:04:05,FALSE,FALSE,0,FALSE,2015-09-19 18:04:05,0
2015-09-20 05:16:06,TRUE,FALSE,0,FALSE,2015-09-20 05:16:06,0
2015-09-20 17:49:09,FALSE,FALSE,0,FALSE,2015-09-20 17:49:09,0
2015-09-21 05:11:06,TRUE,FALSE,0,FALSE,2015-09-21 05:11:06,0
2015-09-21 17:59:00,FALSE,FALSE,0,FALSE,2015-09-21 17:59:00,0
2015-09-22 05:15:56,TRUE,FALSE,0,FALSE,2015-09-22 05:15:56,0
2015-09-22 18:03:53,FALSE,FALSE,0,FALSE,2015-09-22 18:03:53,0
2015-09-23 05:06:06,TRUE,FALSE,0,FALSE,2015-09-23 05:06:06,0
2015-09-23 17:38:57,FALSE,FALSE,0,FALSE,2015-09-23 17:38:57,0
2015-09-24 05:00:59,TRUE,FALSE,0,FALSE,2015-09-24 05:00:59,0
2015-09-24 17:13:53,FALSE,FALSE,0,FALSE,2015-09-24 17:13:53,0
2015-09-25 04:55:59,TRUE,FALSE,0,FALSE,2015-09-25 04:55:59,0
2015-09-25 17:14:08,FALSE,FALSE,0,FALSE,2015-09-25 17:14:08,0
2015-09-26 05:05:51,TRUE,FALSE,0,FALSE,2015-09-26 05:05:51,0
2015-09-26 17:13:53,FALSE,FALSE,0,FALSE,2015-09-26 17:13:53,0
2015-09-27 04:41:02,TRUE,FALSE,0,FALSE,2015-09-27 04:41:02,0
2015-09-27 17:03:53,FALSE,FALSE,0,FALSE,2015-09-27 17:03:53,0
2015-09-28 04:41:06,TRUE,FALSE,0,FALSE,2015-09-28 04:41:06,0
2015-09-28 16:44:04,FALSE,FALSE,0,FALSE,2015-09-28 16:44:04,0
2015-09-29 04:56:02,TRUE,FALSE,0,FALSE,2015-09-29 04:56:02,0
2015-09-29 17:08:57,FALSE,FALSE,0,FALSE,2015-09-29 17:08:57,0
2015-09-30 04:46:06,TRUE,FALSE,0,FALSE,2015-09-30 04:46:06,0
2015-09-30 16:58:57,FALSE,FALSE,0,FALSE,2015-09-30 16:58:57,0
2015-10-01 04:31:06,TRUE,FALSE,0,FALSE,2015-10-01 04:31:06,0
2015-10-01 16:53:59,FALSE,FALSE,0,FALSE,2015-10-01 16:53:59,0
2015-10-02 04:26:06,TRUE,FALSE,0,FALSE,2015-10-02 04:26:06,0
2015-10-02 17:04:04,FALSE,FALSE,0,FALSE,2015-10-02 17:04:04,0
2015-10-03 05:11:02,TRUE,FALSE,0,FALSE,2015-10-03 05:11:02,0
2015-10-03 17:08:57,FALSE,FALSE,0,FALSE,2015-10-03 17:08:57,0
2015-10-04 04:35:56,TRUE,FALSE,0,FALSE,2015-10-04 04:35:56,0
2015-10-04 17:08:53,FALSE,FALSE,0,FALSE,2015-10-04 17:08:53,0
2015-10-05 04:30:56,TRUE,FALSE,0,FALSE,2015-10-05 04:30:56,0
2015-10-05 17:03:53,FALSE,FALSE,0,FALSE,2015-10-05 17:03:53,0
2015-10-06 04:26:02,TRUE,FALSE,0,FALSE,2015-10-06 04:26:02,0
2015-10-06 17:03:53,FALSE,FALSE,0,FALSE,2015-10-06 17:03:53,0
2015-10-07 04:36:00,TRUE,FALSE,0,FALSE,2015-10-07 04:36:00,0
2015-10-07 17:03:53,FALSE,FALSE,0,FALSE,2015-10-07 17:03:53,0
2015-10-08 04:31:02,TRUE,FALSE,0,FALSE,2015-10-08 04:31:02,0
2015-10-08 17:03:57,FALSE,FALSE,0,FALSE,2015-10-08 17:03:57,0
2015-10-09 04:36:06,TRUE,FALSE,0,FALSE,2015-10-09 04:36:06,0
2015-10-09 17:08:57,FALSE,FALSE,0,FALSE,2015-10-09 17:08:57,0
2015-10-10 04:31:00,TRUE,FALSE,0,FALSE,2015-10-10 04:31:00,0
2015-10-10 16:58:57,FALSE,FALSE,0,FALSE,2015-10-10 16:58:57,0
2015-10-11 04:26:06,TRUE,FALSE,0,FALSE,2015-10-11 04:26:06,0
2015-10-11 16:59:10,FALSE,FALSE,0,FALSE,2015-10-11 16:59:10,0
2015-10-12 04:26:06,TRUE,FALSE,0,FALSE,2015-10-12 04:26:06,0
2015-10-12 17:03:59,FALSE,FALSE,0,FALSE,2015-10-12 17:03:59,0
2015-10-13 04:31:06,TRUE,FALSE,0,FALSE,2015-10-13 04:31:06,0
2015-10-13 16:53:53,FALSE,FALSE,0,FALSE,2015-10-13 16:53:53,0
2015-10-14 04:36:06,TRUE,FALSE,0,FALSE,2015-10-14 04:36:06,0
2015-10-14 16:53:53,FALSE,FALSE,0,FALSE,2015-10-14 16:53:53,0
2015-10-15 04:35:51,TRUE,FALSE,0,FALSE,2015-10-15 04:35:51,0
2015-10-15 16:58:53,FALSE,FALSE,0,FALSE,2015-10-15 16:58:53,0
2015-10-16 04:26:02,TRUE,FALSE,0,FALSE,2015-10-16 04:26:02,0
2015-10-16 16:54:01,FALSE,FALSE,0,FALSE,2015-10-16 16:54:01,0
2015-10-17 04:26:06,TRUE,FALSE,0,FALSE,2015-10-17 04:26:06,0
2015-10-17 16:54:04,FALSE,FALSE,0,FALSE,2015-10-17 16:54:04,0
2015-10-18 04:31:02,TRUE,FALSE,0,FALSE,2015-10-18 04:31:02,0
2015-10-18 17:03:53,FALSE,FALSE,0,FALSE,2015-10-18 17:03:53,0
2015-10-19 04:26:02,TRUE,FALSE,0,FALSE,2015-10-19 04:26:02,0
2015-10-19 16:58:53,FALSE,FALSE,0,FALSE,2015-10-19 16:58:53,0
2015-10-20 04:26:02,TRUE,FALSE,0,FALSE,2015-10-20 04:26:02,0
2015-10-20 17:03:53,FALSE,FALSE,0,FALSE,2015-10-20 17:03:53,0
2015-10-21 04:26:00,TRUE,FALSE,0,FALSE,2015-10-21 04:26:00,0
2015-10-21 16:58:53,FALSE,FALSE,0,FALSE,2015-10-21 16:58:53,0
2015-10-22 04:26:02,TRUE,FALSE,0,FALSE,2015-10-22 04:26:02,0
2015-10-22 16:58:57,FALSE,FALSE,0,FALSE,2015-10-22 16:58:57,0
2015-10-23 04:26:06,TRUE,FALSE,0,FALSE,2015-10-23 04:26:06,0
2015-10-23 17:04:04,FALSE,FALSE,0,FALSE,2015-10-23 17:04:04,0
2015-10-24 04:26:06,TRUE,FALSE,0,FALSE,2015-10-24 04:26:06,0
2015-10-24 16:49:09,FALSE,FALSE,0,FALSE,2015-10-24 16:49:09,0
2015-10-25 04:26:02,TRUE,FALSE,0,FALSE,2015-10-25 04:26:02,0
2015-10-25 16:58:57,FALSE,FALSE,0,FALSE,2015-10-25 16:58:57,0
2015-10-26 04:25:53,TRUE,FALSE,0,FALSE,2015-10-26 04:25:53,0
2015-10-26 16:58:59,FALSE,FALSE,0,FALSE,2015-10-26 16:58:59,0
2015-10-27 04:21:06,TRUE,FALSE,0,FALSE,2015-10-27 04:21:06,0
2015-10-27 16:59:03,FALSE,FALSE,0,FALSE,2015-10-27 16:59:03,0
2015-10-28 04:26:06,TRUE,FALSE,0,FALSE,2015-10-28 04:26:06,0
2015-10-28 16:58:57,FALSE,FALSE,0,FALSE,2015-10-28 16:58:57,0
2015-10-29 04:26:06,TRUE,FALSE,0,FALSE,2015-10-29 04:26:06,0
2015-10-29 16:59:03,FALSE,FALSE,0,FALSE,2015-10-29 16:59:03,0
2015-10-30 04:26:06,TRUE,FALSE,0,FALSE,2015-10-30 04:26:06,0
2015-10-30 16:44:12,FALSE,FALSE,0,FALSE,2015-10-30 16:44:12,0
2015-10-31 04:21:06,TRUE,FALSE,0,FALSE,2015-10-31 04:21:06,0
2015-10-31 16:53:57,FALSE,FALSE,0,FALSE,2015-10-31 16:53:57,0
2015-11-01 04:30:48,TRUE,FALSE,0,FALSE,2015-11-01 04:30:48,0
2015-11-01 16:59:06,FALSE,FALSE,0,FALSE,2015-11-01 16:59:06,0
2015-11-02 04:26:00,TRUE,FALSE,0,FALSE,2015-11-02 04:26:00,0
2015-11-02 16:59:05,FALSE,FALSE,0,FALSE,2015-11-02 16:59:05,0
2015-11-03 04:36:02,TRUE,FALSE,0,FALSE,2015-11-03 04:36:02,0
2015-11-03 16:58:59,FALSE,FALSE,0,FALSE,2015-11-03 16:58:59,0
2015-11-04 04:21:06,TRUE,FALSE,0,FALSE,2015-11-04 04:21:06,0
2015-11-04 16:53:53,FALSE,FALSE,0,FALSE,2015-11-04 16:53:53,0
2015-11-05 04:36:02,TRUE,FALSE,0,FALSE,2015-11-05 04:36:02,0
2015-11-05 16:53:53,FALSE,FALSE,0,FALSE,2015-11-05 16:53:53,0
2015-11-06 04:26:00,TRUE,FALSE,0,FALSE,2015-11-06 04:26:00,0
2015-11-06 17:03:53,FALSE,FALSE,0,FALSE,2015-11-06 17:03:53,0
2015-11-07 04:21:06,TRUE,FALSE,0,FALSE,2015-11-07 04:21:06,0
2015-11-07 16:58:57,FALSE,FALSE,0,FALSE,2015-11-07 16:58:57,0
2015-11-08 04:41:06,TRUE,FALSE,0,FALSE,2015-11-08 04:41:06,0
2015-11-08 16:54:08,FALSE,FALSE,0,FALSE,2015-11-08 16:54:08,0
2015-11-09 04:21:00,TRUE,FALSE,0,FALSE,2015-11-09 04:21:00,0
2015-11-09 16:43:57,FALSE,FALSE,0,FALSE,2015-11-09 16:43:57,0
2015-11-10 04:21:00,TRUE,FALSE,0,FALSE,2015-11-10 04:21:00,0
2015-11-10 16:33:53,FALSE,FALSE,0,FALSE,2015-11-10 16:33:53,0
2015-11-11 04:20:59,TRUE,FALSE,0,FALSE,2015-11-11 04:20:59,0
2015-11-11 16:59:06,FALSE,FALSE,0,FALSE,2015-11-11 16:59:06,0
2015-11-12 04:21:00,TRUE,FALSE,0,FALSE,2015-11-12 04:21:00,0
2015-11-12 16:58:53,FALSE,FALSE,0,FALSE,2015-11-12 16:58:53,0
2015-11-13 04:16:06,TRUE,FALSE,0,FALSE,2015-11-13 04:16:06,0
2015-11-13 16:54:00,FALSE,FALSE,0,FALSE,2015-11-13 16:54:00,0
2015-11-14 05:26:06,TRUE,FALSE,0,FALSE,2015-11-14 05:26:06,0
2015-11-14 17:08:53,FALSE,FALSE,0,FALSE,2015-11-14 17:08:53,0
2015-11-15 04:26:06,TRUE,FALSE,0,FALSE,2015-11-15 04:26:06,0
2015-11-15 16:59:08,FALSE,FALSE,0,FALSE,2015-11-15 16:59:08,0
2015-11-16 04:26:00,TRUE,FALSE,0,FALSE,2015-11-16 04:26:00,0
2015-11-16 16:43:59,FALSE,FALSE,0,FALSE,2015-11-16 16:43:59,0
2015-11-17 04:31:06,TRUE,FALSE,0,FALSE,2015-11-17 04:31:06,0
2015-11-17 16:59:07,FALSE,FALSE,0,FALSE,2015-11-17 16:59:07,0
2015-11-18 04:30:55,TRUE,FALSE,0,FALSE,2015-11-18 04:30:55,0
2015-11-18 16:58:53,FALSE,FALSE,0,FALSE,2015-11-18 16:58:53,0
2015-11-19 04:26:02,TRUE,FALSE,0,FALSE,2015-11-19 04:26:02,0
2015-11-19 17:04:10,FALSE,FALSE,0,FALSE,2015-11-19 17:04:10,0
2015-11-20 04:30:49,TRUE,FALSE,0,FALSE,2015-11-20 04:30:49,0
2015-11-20 16:59:04,FALSE,FALSE,0,FALSE,2015-11-20 16:59:04,0
2015-11-21 04:35:51,TRUE,FALSE,0,FALSE,2015-11-21 04:35:51,0
2015-11-21 16:58:53,FALSE,FALSE,0,FALSE,2015-11-21 16:58:53,0
2015-11-22 04:31:06,TRUE,FALSE,0,FALSE,2015-11-22 04:31:06,0
2015-11-22 16:18:53,FALSE,FALSE,0,FALSE,2015-11-22 16:18:53,0
2015-11-23 04:26:06,TRUE,FALSE,0,FALSE,2015-11-23 04:26:06,0
2015-11-23 16:44:01,FALSE,FALSE,0,FALSE,2015-11-23 16:44:01,0
2015-11-24 04:46:02,TRUE,FALSE,0,FALSE,2015-11-24 04:46:02,0
2015-11-24 17:03:53,FALSE,FALSE,0,FALSE,2015-11-24 17:03:53,0
2015-11-25 04:26:02,TRUE,FALSE,0,FALSE,2015-11-25 04:26:02,0
2015-11-25 16:58:53,FALSE,FALSE,0,FALSE,2015-11-25 16:58:53,0
2015-11-26 04:26:02,TRUE,FALSE,0,FALSE,2015-11-26 04:26:02,0
2015-11-26 17:04:07,FALSE,FALSE,0,FALSE,2015-11-26 17:04:07,0
2015-11-27 04:31:06,TRUE,FALSE,0,FALSE,2015-11-27 04:31:06,0
2015-11-27 16:54:10,FALSE,FALSE,0,FALSE,2015-11-27 16:54:10,0
2015-11-28 04:26:06,TRUE,FALSE,0,FALSE,2015-11-28 04:26:06,0
2015-11-28 17:08:53,FALSE,FALSE,0,FALSE,2015-11-28 17:08:53,0
2015-11-29 04:31:06,TRUE,FALSE,0,FALSE,2015-11-29 04:31:06,0
2015-11-29 17:04:08,FALSE,FALSE,0,FALSE,2015-11-29 17:04:08,0
2015-11-30 04:30:49,TRUE,FALSE,0,FALSE,2015-11-30 04:30:49,0
2015-11-30 17:09:03,FALSE,FALSE,0,FALSE,2015-11-30 17:09:03,0
2015-12-01 04:26:06,TRUE,FALSE,0,FALSE,2015-12-01 04:26:06,0
2015-12-01 16:58:53,FALSE,FALSE,0,FALSE,2015-12-01 16:58:53,0
2015-12-02 04:30:48,TRUE,FALSE,0,FALSE,2015-12-02 04:30:48,0
2015-12-02 17:03:53,FALSE,FALSE,0,FALSE,2015-12-02 17:03:53,0
2015-12-03 04:30:56,TRUE,FALSE,0,FALSE,2015-12-03 04:30:56,0
2015-12-03 17:03:57,FALSE,FALSE,0,FALSE,2015-12-03 17:03:57,0
2015-12-04 04:36:02,TRUE,FALSE,0,FALSE,2015-12-04 04:36:02,0
2015-12-04 17:09:01,FALSE,FALSE,0,FALSE,2015-12-04 17:09:01,0
2015-12-05 04:31:02,TRUE,FALSE,0,FALSE,2015-12-05 04:31:02,0
2015-12-05 16:58:53,FALSE,FALSE,0,FALSE,2015-12-05 16:58:53,0
2015-12-06 04:31:06,TRUE,FALSE,0,FALSE,2015-12-06 04:31:06,0
2015-12-06 17:03:57,FALSE,FALSE,0,FALSE,2015-12-06 17:03:57,0
2015-12-07 04:31:00,TRUE,FALSE,0,FALSE,2015-12-07 04:31:00,0
2015-12-07 16:53:53,FALSE,FALSE,0,FALSE,2015-12-07 16:53:53,0
2015-12-08 04:36:02,TRUE,FALSE,0,FALSE,2015-12-08 04:36:02,0
2015-12-08 17:08:57,FALSE,FALSE,0,FALSE,2015-12-08 17:08:57,0
2015-12-09 04:36:02,TRUE,FALSE,0,FALSE,2015-12-09 04:36:02,0
2015-12-09 17:03:53,FALSE,FALSE,0,FALSE,2015-12-09 17:03:53,0
2015-12-10 04:30:52,TRUE,FALSE,0,FALSE,2015-12-10 04:30:52,0
2015-12-10 17:08:57,FALSE,FALSE,0,FALSE,2015-12-10 17:08:57,0
2015-12-11 04:26:06,TRUE,FALSE,0,FALSE,2015-12-11 04:26:06,0
2015-12-11 16:59:12,FALSE,FALSE,0,FALSE,2015-12-11 16:59:12,0
2015-12-12 04:31:06,TRUE,FALSE,0,FALSE,2015-12-12 04:31:06,0
2015-12-12 17:03:53,FALSE,FALSE,0,FALSE,2015-12-12 17:03:53,0
2015-12-13 04:31:06,TRUE,FALSE,0,FALSE,2015-12-13 04:31:06,0
2015-12-13 17:08:59,FALSE,FALSE,0,FALSE,2015-12-13 17:08:59,0
2015-12-14 04:31:00,TRUE,FALSE,0,FALSE,2015-12-14 04:31:00,0
2015-12-14 17:13:53,FALSE,FALSE,0,FALSE,2015-12-14 17:13:53,0
2015-12-15 04:40:56,TRUE,FALSE,0,FALSE,2015-12-15 04:40:56,0
2015-12-15 17:08:53,FALSE,FALSE,0,FALSE,2015-12-15 17:08:53,0
2015-12-16 04:31:00,TRUE,FALSE,0,FALSE,2015-12-16 04:31:00,0
2015-12-16 17:08:53,FALSE,FALSE,0,FALSE,2015-12-16 17:08:53,0
2015-12-17 04:36:02,TRUE,FALSE,0,FALSE,2015-12-17 04:36:02,0
2015-12-17 17:04:02,FALSE,FALSE,0,FALSE,2015-12-17 17:04:02,0
2015-12-18 04:41:06,TRUE,FALSE,0,FALSE,2015-12-18 04:41:06,0
2015-12-18 17:03:57,FALSE,FALSE,0,FALSE,2015-12-18 17:03:57,0
2015-12-19 04:41:06,TRUE,FALSE,0,FALSE,2015-12-19 04:41:06,0
2015-12-19 17:08:53,FALSE,FALSE,0,FALSE,2015-12-19 17:08:53,0
2015-12-20 04:36:06,TRUE,FALSE,0,FALSE,2015-12-20 04:36:06,0
2015-12-20 17:08:53,FALSE,FALSE,0,FALSE,2015-12-20 17:08:53,0
2015-12-21 04:36:02,TRUE,FALSE,0,FALSE,2015-12-21 04:36:02,0
2015-12-21 17:03:53,FALSE,FALSE,0,FALSE,2015-12-21 17:03:53,0
2015-12-22 04:36:06,TRUE,FALSE,0,FALSE,2015-12-22 04:36:06,0
2015-12-22 16:58:53,FALSE,FALSE,0,FALSE,2015-12-22 16:58:53,0
2015-12-23 04:46:02,TRUE,FALSE,0,FALSE,2015-12-23 04:46:02,0
2015-12-23 17:08:53,FALSE,FALSE,0,FALSE,2015-12-23 17:08:53,0
2015-12-24 04:41:02,TRUE,FALSE,0,FALSE,2015-12-24 04:41:02,0
2015-12-24 17:08:57,FALSE,FALSE,0,FALSE,2015-12-24 17:08:57,0
2015-12-25 04:41:06,TRUE,FALSE,0,FALSE,2015-12-25 04:41:06,0
2015-12-25 17:13:57,FALSE,FALSE,0,FALSE,2015-12-25 17:13:57,0
2015-12-26 04:41:02,TRUE,FALSE,0,FALSE,2015-12-26 04:41:02,0
2015-12-26 16:58:57,FALSE,FALSE,0,FALSE,2015-12-26 16:58:57,0
2015-12-27 04:46:00,TRUE,FALSE,0,FALSE,2015-12-27 04:46:00,0
2015-12-27 16:58:53,FALSE,FALSE,0,FALSE,2015-12-27 16:58:53,0
2015-12-28 04:45:54,TRUE,FALSE,0,FALSE,2015-12-28 04:45:54,0
2015-12-28 17:13:53,FALSE,FALSE,0,FALSE,2015-12-28 17:13:53,0
2015-12-29 04:50:51,TRUE,FALSE,0,FALSE,2015-12-29 04:50:51,0
2015-12-29 17:08:53,FALSE,FALSE,0,FALSE,2015-12-29 17:08:53,0
2015-12-30 04:51:06,TRUE,FALSE,0,FALSE,2015-12-30 04:51:06,0
2015-12-30 16:48:53,FALSE,FALSE,0,FALSE,2015-12-30 16:48:53,0
2015-12-31 04:45:52,TRUE,FALSE,0,FALSE,2015-12-31 04:45:52,0
2015-12-31 17:03:53,FALSE,FALSE,0,FALSE,2015-12-31 17:03:53,0
2016-01-01 04:45:50,TRUE,FALSE,0,FALSE,2016-01-01 04:45:50,0
2016-01-01 17:18:57,FALSE,FALSE,0,FALSE,2016-01-01 17:18:57,0
2016-01-02 04:40:52,TRUE,FALSE,0,FALSE,2016-01-02 04:40:52,0
2016-01-02 17:23:53,FALSE,FALSE,0,FALSE,2016-01-02 17:23:53,0
2016-01-03 04:46:02,TRUE,FALSE,0,FALSE,2016-01-03 04:46:02,0
2016-01-03 17:23:53,FALSE,FALSE,0,FALSE,2016-01-03 17:23:53,0
2016-01-04 04:50:53,TRUE,FALSE,0,FALSE,2016-01-04 04:50:53,0
2016-01-04 17:23:57,FALSE,FALSE,0,FALSE,2016-01-04 17:23:57,0
2016-01-05 04:41:06,TRUE,FALSE,0,FALSE,2016-01-05 04:41:06,0
2016-01-05 17:18:53,FALSE,FALSE,0,FALSE,2016-01-05 17:18:53,0
2016-01-06 04:51:02,TRUE,FALSE,0,FALSE,2016-01-06 04:51:02,0
2016-01-06 17:18:53,FALSE,FALSE,0,FALSE,2016-01-06 17:18:53,0
2016-01-07 05:46:06,TRUE,FALSE,0,FALSE,2016-01-07 05:46:06,0
2016-01-07 17:08:57,FALSE,FALSE,0,FALSE,2016-01-07 17:08:57,0
2016-01-08 04:45:54,TRUE,FALSE,0,FALSE,2016-01-08 04:45:54,0
2016-01-08 17:08:57,FALSE,FALSE,0,FALSE,2016-01-08 17:08:57,0
2016-01-09 04:51:06,TRUE,FALSE,0,FALSE,2016-01-09 04:51:06,0
2016-01-09 17:08:53,FALSE,FALSE,0,FALSE,2016-01-09 17:08:53,0
2016-01-10 04:56:02,TRUE,FALSE,0,FALSE,2016-01-10 04:56:02,0
2016-01-10 17:23:59,FALSE,FALSE,0,FALSE,2016-01-10 17:23:59,0
2016-01-11 04:50:51,TRUE,FALSE,0,FALSE,2016-01-11 04:50:51,0
2016-01-11 17:23:53,FALSE,FALSE,0,FALSE,2016-01-11 17:23:53,0
2016-01-12 04:51:06,TRUE,FALSE,0,FALSE,2016-01-12 04:51:06,0
2016-01-12 17:18:57,FALSE,FALSE,0,FALSE,2016-01-12 17:18:57,0
2016-01-13 04:46:06,TRUE,FALSE,0,FALSE,2016-01-13 04:46:06,0
2016-01-13 17:24:01,FALSE,FALSE,0,FALSE,2016-01-13 17:24:01,0
2016-01-14 05:00:51,TRUE,FALSE,0,FALSE,2016-01-14 05:00:51,0
2016-01-14 17:04:14,FALSE,FALSE,0,FALSE,2016-01-14 17:04:14,0
2016-01-15 04:51:06,TRUE,FALSE,0,FALSE,2016-01-15 04:51:06,0
2016-01-15 17:08:59,FALSE,FALSE,0,FALSE,2016-01-15 17:08:59,0
2016-01-16 04:46:06,TRUE,FALSE,0,FALSE,2016-01-16 04:46:06,0
2016-01-16 17:24:03,FALSE,FALSE,0,FALSE,2016-01-16 17:24:03,0
2016-01-17 04:46:06,TRUE,FALSE,0,FALSE,2016-01-17 04:46:06,0
2016-01-17 17:23:57,FALSE,FALSE,0,FALSE,2016-01-17 17:23:57,0
2016-01-18 04:51:02,TRUE,FALSE,0,FALSE,2016-01-18 04:51:02,0
2016-01-18 17:18:53,FALSE,FALSE,0,FALSE,2016-01-18 17:18:53,0
2016-01-19 04:56:02,TRUE,FALSE,0,FALSE,2016-01-19 04:56:02,0
2016-01-19 16:53:53,FALSE,FALSE,0,FALSE,2016-01-19 16:53:53,0
2016-01-20 04:56:06,TRUE,FALSE,0,FALSE,2016-01-20 04:56:06,0
2016-01-20 16:53:59,FALSE,FALSE,0,FALSE,2016-01-20 16:53:59,0
2016-01-21 05:11:02,TRUE,FALSE,0,FALSE,2016-01-21 05:11:02,0
2016-01-21 17:29:04,FALSE,FALSE,0,FALSE,2016-01-21 17:29:04,0
2016-01-22 04:55:57,TRUE,FALSE,0,FALSE,2016-01-22 04:55:57,0
2016-01-22 17:23:59,FALSE,FALSE,0,FALSE,2016-01-22 17:23:59,0
2016-01-23 05:01:06,TRUE,FALSE,0,FALSE,2016-01-23 05:01:06,0
2016-01-23 17:24:04,FALSE,FALSE,0,FALSE,2016-01-23 17:24:04,0
2016-01-24 04:56:00,TRUE,FALSE,0,FALSE,2016-01-24 04:56:00,0
2016-01-24 17:18:53,FALSE,FALSE,0,FALSE,2016-01-24 17:18:53,0
2016-01-25 05:00:52,TRUE,FALSE,0,FALSE,2016-01-25 05:00:52,0
2016-01-25 17:23:53,FALSE,FALSE,0,FALSE,2016-01-25 17:23:53,0
2016-01-26 04:51:06,TRUE,FALSE,0,FALSE,2016-01-26 04:51:06,0
2016-01-26 17:23:53,FALSE,FALSE,0,FALSE,2016-01-26 17:23:53,0
2016-01-27 04:46:06,TRUE,FALSE,0,FALSE,2016-01-27 04:46:06,0
2016-01-27 17:23:53,FALSE,FALSE,0,FALSE,2016-01-27 17:23:53,0
2016-01-28 04:56:06,TRUE,FALSE,0,FALSE,2016-01-28 04:56:06,0
2016-01-28 17:24:03,FALSE,FALSE,0,FALSE,2016-01-28 17:24:03,0
2016-01-29 04:55:51,TRUE,FALSE,0,FALSE,2016-01-29 04:55:51,0
2016-01-29 17:18:57,FALSE,FALSE,0,FALSE,2016-01-29 17:18:57,0
2016-01-30 04:55:52,TRUE,FALSE,0,FALSE,2016-01-30 04:55:52,0
2016-01-30 17:23:59,FALSE,FALSE,0,FALSE,2016-01-30 17:23:59,0
2016-01-31 04:51:06,TRUE,FALSE,0,FALSE,2016-01-31 04:51:06,0
2016-01-31 17:28:53,FALSE,FALSE,0,FALSE,2016-01-31 17:28:53,0
2016-02-01 04:55:51,TRUE,FALSE,0,FALSE,2016-02-01 04:55:51,0
2016-02-01 17:23:53,FALSE,FALSE,0,FALSE,2016-02-01 17:23:53,0
2016-02-02 04:50:57,TRUE,FALSE,0,FALSE,2016-02-02 04:50:57,0
2016-02-02 17:23:57,FALSE,FALSE,0,FALSE,2016-02-02 17:23:57,0
2016-02-03 04:51:06,TRUE,FALSE,0,FALSE,2016-02-03 04:51:06,0
2016-02-03 17:23:59,FALSE,FALSE,0,FALSE,2016-02-03 17:23:59,0
2016-02-04 04:51:06,TRUE,FALSE,0,FALSE,2016-02-04 04:51:06,0
2016-02-04 17:28:53,FALSE,FALSE,0,FALSE,2016-02-04 17:28:53,0
2016-02-05 05:41:06,TRUE,FALSE,0,FALSE,2016-02-05 05:41:06,0
2016-02-05 17:13:53,FALSE,FALSE,0,FALSE,2016-02-05 17:13:53,0
2016-02-06 05:00:57,TRUE,FALSE,0,FALSE,2016-02-06 05:00:57,0
2016-02-06 17:29:02,FALSE,FALSE,0,FALSE,2016-02-06 17:29:02,0
2016-02-07 05:00:49,TRUE,FALSE,0,FALSE,2016-02-07 05:00:49,0
2016-02-07 17:28:53,FALSE,FALSE,0,FALSE,2016-02-07 17:28:53,0
2016-02-08 05:00:51,TRUE,FALSE,0,FALSE,2016-02-08 05:00:51,0
2016-02-08 17:18:59,FALSE,FALSE,0,FALSE,2016-02-08 17:18:59,0
2016-02-09 05:05:57,TRUE,FALSE,0,FALSE,2016-02-09 05:05:57,0
2016-02-09 17:18:53,FALSE,FALSE,0,FALSE,2016-02-09 17:18:53,0
2016-02-10 04:56:06,TRUE,FALSE,0,FALSE,2016-02-10 04:56:06,0
2016-02-10 17:18:57,FALSE,FALSE,0,FALSE,2016-02-10 17:18:57,0
2016-02-11 05:05:47,TRUE,FALSE,0,FALSE,2016-02-11 05:05:47,0
2016-02-11 17:09:00,FALSE,FALSE,0,FALSE,2016-02-11 17:09:00,0
2016-02-12 04:55:50,TRUE,FALSE,0,FALSE,2016-02-12 04:55:50,0
2016-02-12 17:24:09,FALSE,FALSE,0,FALSE,2016-02-12 17:24:09,0
2016-02-13 04:56:06,TRUE,FALSE,0,FALSE,2016-02-13 04:56:06,0
2016-02-13 17:24:07,FALSE,FALSE,0,FALSE,2016-02-13 17:24:07,0
2016-02-14 05:05:59,TRUE,FALSE,0,FALSE,2016-02-14 05:05:59,0
2016-02-14 17:18:53,FALSE,FALSE,0,FALSE,2016-02-14 17:18:53,0
2016-02-15 04:51:06,TRUE,FALSE,0,FALSE,2016-02-15 04:51:06,0
2016-02-15 17:29:00,FALSE,FALSE,0,FALSE,2016-02-15 17:29:00,0
2016-02-16 04:56:02,TRUE,FALSE,0,FALSE,2016-02-16 04:56:02,0
2016-02-16 17:23:53,FALSE,FALSE,0,FALSE,2016-02-16 17:23:53,0
2016-02-17 04:55:50,TRUE,FALSE,0,FALSE,2016-02-17 04:55:50,0
2016-02-17 17:13:53,FALSE,FALSE,0,FALSE,2016-02-17 17:13:53,0
2016-02-18 04:51:06,TRUE,FALSE,0,FALSE,2016-02-18 04:51:06,0
2016-02-18 17:28:57,FALSE,FALSE,0,FALSE,2016-02-18 17:28:57,0
2016-02-19 04:51:02,TRUE,FALSE,0,FALSE,2016-02-19 04:51:02,0
2016-02-19 17:18:53,FALSE,FALSE,0,FALSE,2016-02-19 17:18:53,0
2016-02-20 05:41:02,TRUE,FALSE,0,FALSE,2016-02-20 05:41:02,0
2016-02-20 17:23:53,FALSE,FALSE,0,FALSE,2016-02-20 17:23:53,0
2016-02-21 04:51:06,TRUE,FALSE,0,FALSE,2016-02-21 04:51:06,0
2016-02-21 17:23:53,FALSE,FALSE,0,FALSE,2016-02-21 17:23:53,0
2016-02-22 04:56:06,TRUE,FALSE,0,FALSE,2016-02-22 04:56:06,0
2016-02-22 17:14:00,FALSE,FALSE,0,FALSE,2016-02-22 17:14:00,0
2016-02-23 04:51:06,TRUE,FALSE,0,FALSE,2016-02-23 04:51:06,0
2016-02-23 17:18:53,FALSE,FALSE,0,FALSE,2016-02-23 17:18:53,0
2016-02-24 05:01:06,TRUE,FALSE,0,FALSE,2016-02-24 05:01:06,0
2016-02-24 17:29:04,FALSE,FALSE,0,FALSE,2016-02-24 17:29:04,0
2016-02-25 04:55:54,TRUE,FALSE,0,FALSE,2016-02-25 04:55:54,0
2016-02-25 17:18:53,FALSE,FALSE,0,FALSE,2016-02-25 17:18:53,0
2016-02-26 04:50:56,TRUE,FALSE,0,FALSE,2016-02-26 04:50:56,0
2016-02-26 17:18:53,FALSE,FALSE,0,FALSE,2016-02-26 17:18:53,0
2016-02-27 05:06:06,TRUE,FALSE,0,FALSE,2016-02-27 05:06:06,0
2016-02-27 17:23:53,FALSE,FALSE,0,FALSE,2016-02-27 17:23:53,0
2016-02-28 04:56:06,TRUE,FALSE,0,FALSE,2016-02-28 04:56:06,0
2016-02-28 17:18:53,FALSE,FALSE,0,FALSE,2016-02-28 17:18:53,0
2016-02-29 05:01:06,TRUE,FALSE,0,FALSE,2016-02-29 05:01:06,0
2016-02-29 17:03:57,FALSE,FALSE,0,FALSE,2016-02-29 17:03:57,0
2016-03-01 04:55:52,TRUE,FALSE,0,FALSE,2016-03-01 04:55:52,0
2016-03-01 17:24:08,FALSE,FALSE,0,FALSE,2016-03-01 17:24:08,0
2016-03-02 04:55:51,TRUE,FALSE,0,FALSE,2016-03-02 04:55:51,0
2016-03-02 17:18:53,FALSE,FALSE,0,FALSE,2016-03-02 17:18:53,0
2016-03-03 04:51:06,TRUE,FALSE,0,FALSE,2016-03-03 04:51:06,0
2016-03-03 17:18:53,FALSE,FALSE,0,FALSE,2016-03-03 17:18:53,0
2016-03-04 04:56:02,TRUE,FALSE,0,FALSE,2016-03-04 04:56:02,0
2016-03-04 17:09:06,FALSE,FALSE,0,FALSE,2016-03-04 17:09:06,0
2016-03-05 04:55:53,TRUE,FALSE,0,FALSE,2016-03-05 04:55:53,0
2016-03-05 17:18:53,FALSE,FALSE,0,FALSE,2016-03-05 17:18:53,0
2016-03-06 04:51:06,TRUE,FALSE,0,FALSE,2016-03-06 04:51:06,0
2016-03-06 17:23:57,FALSE,FALSE,0,FALSE,2016-03-06 17:23:57,0
2016-03-07 04:51:06,TRUE,FALSE,0,FALSE,2016-03-07 04:51:06,0
2016-03-07 17:04:01,FALSE,FALSE,0,FALSE,2016-03-07 17:04:01,0
2016-03-08 04:50:59,TRUE,FALSE,0,FALSE,2016-03-08 04:50:59,0
2016-03-08 17:13:53,FALSE,FALSE,0,FALSE,2016-03-08 17:13:53,0
2016-03-09 04:51:02,TRUE,FALSE,0,FALSE,2016-03-09 04:51:02,0
2016-03-09 17:18:53,FALSE,FALSE,0,FALSE,2016-03-09 17:18:53,0
2016-03-10 04:51:00,TRUE,FALSE,0,FALSE,2016-03-10 04:51:00,0
2016-03-10 17:18:53,FALSE,FALSE,0,FALSE,2016-03-10 17:18:53,0
2016-03-11 04:50:55,TRUE,FALSE,0,FALSE,2016-03-11 04:50:55,0
2016-03-11 17:09:08,FALSE,FALSE,0,FALSE,2016-03-11 17:09:08,0
2016-03-12 04:46:06,TRUE,FALSE,0,FALSE,2016-03-12 04:46:06,0
2016-03-12 17:23:53,FALSE,FALSE,0,FALSE,2016-03-12 17:23:53,0
2016-03-13 04:51:06,TRUE,FALSE,0,FALSE,2016-03-13 04:51:06,0
2016-03-13 17:13:59,FALSE,FALSE,0,FALSE,2016-03-13 17:13:59,0
2016-03-14 04:45:50,TRUE,FALSE,0,FALSE,2016-03-14 04:45:50,0
2016-03-14 17:19:04,FALSE,FALSE,0,FALSE,2016-03-14 17:19:04,0
2016-03-15 04:51:06,TRUE,FALSE,0,FALSE,2016-03-15 04:51:06,0
2016-03-15 17:18:53,FALSE,FALSE,0,FALSE,2016-03-15 17:18:53,0
2016-03-16 04:51:02,TRUE,FALSE,0,FALSE,2016-03-16 04:51:02,0
2016-03-16 17:18:53,FALSE,FALSE,0,FALSE,2016-03-16 17:18:53,0
2016-03-17 04:46:02,TRUE,FALSE,0,FALSE,2016-03-17 04:46:02,0
2016-03-17 17:13:57,FALSE,FALSE,0,FALSE,2016-03-17 17:13:57,0
2016-03-18 04:46:06,TRUE,FALSE,0,FALSE,2016-03-18 04:46:06,0
2016-03-18 17:13:53,FALSE,FALSE,0,FALSE,2016-03-18 17:13:53,0
2016-03-19 04:45:54,TRUE,FALSE,0,FALSE,2016-03-19 04:45:54,0
2016-03-19 17:14:06,FALSE,FALSE,0,FALSE,2016-03-19 17:14:06,0
2016-03-20 04:51:06,TRUE,FALSE,0,FALSE,2016-03-20 04:51:06,0
2016-03-20 17:18:53,FALSE,FALSE,0,FALSE,2016-03-20 17:18:53,0
2016-03-21 04:46:00,TRUE,FALSE,0,FALSE,2016-03-21 04:46:00,0
2016-03-21 17:13:57,FALSE,FALSE,0,FALSE,2016-03-21 17:13:57,0
2016-03-22 04:50:52,TRUE,FALSE,0,FALSE,2016-03-22 04:50:52,0
2016-03-22 17:08:57,FALSE,FALSE,0,FALSE,2016-03-22 17:08:57,0
2016-03-23 04:41:06,TRUE,FALSE,0,FALSE,2016-03-23 04:41:06,0
2016-03-23 17:13:53,FALSE,FALSE,0,FALSE,2016-03-23 17:13:53,0
2016-03-24 04:40:58,TRUE,FALSE,0,FALSE,2016-03-24 04:40:58,0
2016-03-24 17:13:57,FALSE,FALSE,0,FALSE,2016-03-24 17:13:57,0
2016-03-25 04:41:02,TRUE,FALSE,0,FALSE,2016-03-25 04:41:02,0
2016-03-25 17:08:53,FALSE,FALSE,0,FALSE,2016-03-25 17:08:53,0
2016-03-26 04:51:02,TRUE,FALSE,0,FALSE,2016-03-26 04:51:02,0
2016-03-26 17:13:57,FALSE,FALSE,0,FALSE,2016-03-26 17:13:57,0
2016-03-27 04:41:06,TRUE,FALSE,0,FALSE,2016-03-27 04:41:06,0
2016-03-27 17:13:53,FALSE,FALSE,0,FALSE,2016-03-27 17:13:53,0
2016-03-28 04:45:49,TRUE,FALSE,0,FALSE,2016-03-28 04:45:49,0
2016-03-28 17:13:57,FALSE,FALSE,0,FALSE,2016-03-28 17:13:57,0
2016-03-29 04:45:58,TRUE,FALSE,0,FALSE,2016-03-29 04:45:58,0
2016-03-29 17:08:57,FALSE,FALSE,0,FALSE,2016-03-29 17:08:57,0
2016-03-30 04:46:06,TRUE,FALSE,0,FALSE,2016-03-30 04:46:06,0
2016-03-30 17:08:59,FALSE,FALSE,0,FALSE,2016-03-30 17:08:59,0
2016-03-31 04:46:02,TRUE,FALSE,0,FALSE,2016-03-31 04:46:02,0
2016-03-31 17:08:53,FALSE,FALSE,0,FALSE,2016-03-31 17:08:53,0
2016-04-01 04:50:52,TRUE,FALSE,0,FALSE,2016-04-01 04:50:52,0
2016-04-01 17:13:53,FALSE,FALSE,0,FALSE,2016-04-01 17:13:53,0
2016-04-02 04:55:54,TRUE,FALSE,0,FALSE,2016-04-02 04:55:54,0
2016-04-02 17:23:57,FALSE,FALSE,0,FALSE,2016-04-02 17:23:57,0
2016-04-03 04:55:50,TRUE,FALSE,0,FALSE,2016-04-03 04:55:50,0
2016-04-03 17:23:53,FALSE,FALSE,0,FALSE,2016-04-03 17:23:53,0
2016-04-04 05:06:06,TRUE,FALSE,0,FALSE,2016-04-04 05:06:06,0
2016-04-04 17:33:53,FALSE,FALSE,0,FALSE,2016-04-04 17:33:53,0
2016-04-05 05:06:02,TRUE,FALSE,0,FALSE,2016-04-05 05:06:02,0
2016-04-05 17:49:09,FALSE,FALSE,0,FALSE,2016-04-05 17:49:09,0
2016-04-06 05:20:50,TRUE,FALSE,0,FALSE,2016-04-06 05:20:50,0
2016-04-06 17:53:53,FALSE,FALSE,0,FALSE,2016-04-06 17:53:53,0
2016-04-07 05:30:52,TRUE,FALSE,0,FALSE,2016-04-07 05:30:52,0
2016-04-07 17:53:53,FALSE,FALSE,0,FALSE,2016-04-07 17:53:53,0
2016-04-08 05:21:02,TRUE,FALSE,0,FALSE,2016-04-08 05:21:02,0
2016-04-08 17:58:53,FALSE,FALSE,0,FALSE,2016-04-08 17:58:53,0
2016-04-09 05:30:55,TRUE,FALSE,0,FALSE,2016-04-09 05:30:55,0
2016-04-09 17:48:53,FALSE,FALSE,0,FALSE,2016-04-09 17:48:53,0
2016-04-10 05:26:06,TRUE,FALSE,0,FALSE,2016-04-10 05:26:06,0
2016-04-10 18:03:53,FALSE,FALSE,0,FALSE,2016-04-10 18:03:53,0
2016-04-11 05:25:49,TRUE,FALSE,0,FALSE,2016-04-11 05:25:49,0
2016-04-11 17:58:53,FALSE,FALSE,0,FALSE,2016-04-11 17:58:53,0
2016-04-12 05:25:53,TRUE,FALSE,0,FALSE,2016-04-12 05:25:53,0
2016-04-12 17:53:53,FALSE,FALSE,0,FALSE,2016-04-12 17:53:53,0
2016-04-13 05:21:02,TRUE,FALSE,0,FALSE,2016-04-13 05:21:02,0
2016-04-13 17:54:09,FALSE,FALSE,0,FALSE,2016-04-13 17:54:09,0
2016-04-14 05:21:06,TRUE,FALSE,0,FALSE,2016-04-14 05:21:06,0
2016-04-14 17:58:57,FALSE,FALSE,0,FALSE,2016-04-14 17:58:57,0
2016-04-15 05:30:53,TRUE,FALSE,0,FALSE,2016-04-15 05:30:53,0
2016-04-15 17:58:53,FALSE,FALSE,0,FALSE,2016-04-15 17:58:53,0
2016-04-16 05:25:50,TRUE,FALSE,0,FALSE,2016-04-16 05:25:50,0
2016-04-16 18:03:57,FALSE,FALSE,0,FALSE,2016-04-16 18:03:57,0
2016-04-17 05:31:02,TRUE,FALSE,0,FALSE,2016-04-17 05:31:02,0
2016-04-17 17:58:57,FALSE,FALSE,0,FALSE,2016-04-17 17:58:57,0
2016-04-18 05:20:51,TRUE,FALSE,0,FALSE,2016-04-18 05:20:51,0
2016-04-18 18:03:53,FALSE,FALSE,0,FALSE,2016-04-18 18:03:53,0
2016-04-19 05:21:02,TRUE,FALSE,0,FALSE,2016-04-19 05:21:02,0
2016-04-19 17:58:57,FALSE,FALSE,0,FALSE,2016-04-19 17:58:57,0
2016-04-20 05:11:06,TRUE,FALSE,0,FALSE,2016-04-20 05:11:06,0
2016-04-20 17:43:53,FALSE,FALSE,0,FALSE,2016-04-20 17:43:53,0
2016-04-21 05:20:46,TRUE,FALSE,0,FALSE,2016-04-21 05:20:46,0
2016-04-21 18:08:53,FALSE,FALSE,0,FALSE,2016-04-21 18:08:53,0
2016-04-22 05:11:00,TRUE,FALSE,0,FALSE,2016-04-22 05:11:00,0
2016-04-22 18:04:14,FALSE,FALSE,0,FALSE,2016-04-22 18:04:14,0
2016-04-23 05:11:06,TRUE,FALSE,0,FALSE,2016-04-23 05:11:06,0
2016-04-23 18:39:05,FALSE,FALSE,0,FALSE,2016-04-23 18:39:05,0
2016-04-24 05:06:02,TRUE,FALSE,0,FALSE,2016-04-24 05:06:02,0
2016-04-24 18:28:53,FALSE,FALSE,0,FALSE,2016-04-24 18:28:53,0
2016-04-25 05:00:53,TRUE,FALSE,0,FALSE,2016-04-25 05:00:53,0
2016-04-25 18:23:53,FALSE,FALSE,0,FALSE,2016-04-25 18:23:53,0
2016-04-26 04:45:56,TRUE,FALSE,0,FALSE,2016-04-26 04:45:56,0
2016-04-26 18:23:57,FALSE,FALSE,0,FALSE,2016-04-26 18:23:57,0
2016-04-27 04:41:06,TRUE,FALSE,0,FALSE,2016-04-27 04:41:06,0
2016-04-27 18:18:53,FALSE,FALSE,0,FALSE,2016-04-27 18:18:53,0
2016-04-28 04:26:06,TRUE,FALSE,0,FALSE,2016-04-28 04:26:06,0
2016-04-28 18:19:02,FALSE,FALSE,0,FALSE,2016-04-28 18:19:02,0
2016-04-29 04:35:57,TRUE,FALSE,0,FALSE,2016-04-29 04:35:57,0
2016-04-29 18:18:59,FALSE,FALSE,0,FALSE,2016-04-29 18:18:59,0
2016-04-30 04:21:06,TRUE,FALSE,0,FALSE,2016-04-30 04:21:06,0
2016-04-30 18:13:53,FALSE,FALSE,0,FALSE,2016-04-30 18:13:53,0
2016-05-01 04:11:06,TRUE,FALSE,0,FALSE,2016-05-01 04:11:06,0
2016-05-01 17:53:53,FALSE,FALSE,0,FALSE,2016-05-01 17:53:53,0
2016-05-02 04:06:06,TRUE,FALSE,0,FALSE,2016-05-02 04:06:06,0
2016-05-02 18:13:53,FALSE,FALSE,0,FALSE,2016-05-02 18:13:53,0
2016-05-03 04:11:06,TRUE,FALSE,0,FALSE,2016-05-03 04:11:06,0
2016-05-03 18:28:53,FALSE,FALSE,0,FALSE,2016-05-03 18:28:53,0
2016-05-04 04:06:02,TRUE,FALSE,0,FALSE,2016-05-04 04:06:02,0
2016-05-04 18:18:53,FALSE,FALSE,0,FALSE,2016-05-04 18:18:53,0
2016-05-05 04:06:06,TRUE,FALSE,0,FALSE,2016-05-05 04:06:06,0
2016-05-05 17:59:08,FALSE,FALSE,0,FALSE,2016-05-05 17:59:08,0
2016-05-06 04:06:06,TRUE,FALSE,0,FALSE,2016-05-06 04:06:06,0
2016-05-06 18:18:53,FALSE,FALSE,0,FALSE,2016-05-06 18:18:53,0
2016-05-07 04:06:06,TRUE,FALSE,0,FALSE,2016-05-07 04:06:06,0
2016-05-07 18:23:57,FALSE,FALSE,0,FALSE,2016-05-07 18:23:57,0
2016-05-08 04:11:06,TRUE,FALSE,0,FALSE,2016-05-08 04:11:06,0
2016-05-08 18:23:57,FALSE,FALSE,0,FALSE,2016-05-08 18:23:57,0
2016-05-09 04:01:06,TRUE,FALSE,0,FALSE,2016-05-09 04:01:06,0
2016-05-09 18:28:53,FALSE,FALSE,0,FALSE,2016-05-09 18:28:53,0
2016-05-10 04:01:02,TRUE,FALSE,0,FALSE,2016-05-10 04:01:02,0
2016-05-10 18:08:53,FALSE,FALSE,0,FALSE,2016-05-10 18:08:53,0
2016-05-11 04:06:06,TRUE,FALSE,0,FALSE,2016-05-11 04:06:06,0
2016-05-11 18:28:57,FALSE,FALSE,0,FALSE,2016-05-11 18:28:57,0
2016-05-12 03:50:48,TRUE,FALSE,0,FALSE,2016-05-12 03:50:48,0
2016-05-12 18:33:57,FALSE,FALSE,0,FALSE,2016-05-12 18:33:57,0
2016-05-13 03:26:02,TRUE,FALSE,0,FALSE,2016-05-13 03:26:02,0
2016-05-13 18:28:53,FALSE,FALSE,0,FALSE,2016-05-13 18:28:53,0
2016-05-14 03:31:06,TRUE,FALSE,0,FALSE,2016-05-14 03:31:06,0
2016-05-14 18:08:53,FALSE,FALSE,0,FALSE,2016-05-14 18:08:53,0
2016-05-15 03:36:00,TRUE,FALSE,0,FALSE,2016-05-15 03:36:00,0
2016-05-15 18:43:53,FALSE,FALSE,0,FALSE,2016-05-15 18:43:53,0
2016-05-16 03:16:02,TRUE,FALSE,0,FALSE,2016-05-16 03:16:02,0
2016-05-16 18:53:57,FALSE,FALSE,0,FALSE,2016-05-16 18:53:57,0
2016-05-17 03:01:06,TRUE,FALSE,0,FALSE,2016-05-17 03:01:06,0
2016-05-17 18:38:57,FALSE,FALSE,0,FALSE,2016-05-17 18:38:57,0
2016-05-18 03:15:48,TRUE,FALSE,0,FALSE,2016-05-18 03:15:48,0
2016-05-18 19:13:53,FALSE,FALSE,0,FALSE,2016-05-18 19:13:53,0
2016-05-19 02:36:06,TRUE,FALSE,0,FALSE,2016-05-19 02:36:06,0
2016-05-19 19:18:53,FALSE,FALSE,0,FALSE,2016-05-19 19:18:53,0
2016-05-20 02:41:02,TRUE,FALSE,0,FALSE,2016-05-20 02:41:02,0
2016-05-20 19:08:53,FALSE,FALSE,0,FALSE,2016-05-20 19:08:53,0
2016-05-21 02:55:52,TRUE,FALSE,0,FALSE,2016-05-21 02:55:52,0
2016-05-21 19:28:53,FALSE,FALSE,0,FALSE,2016-05-21 19:28:53,0
2016-05-22 02:36:06,TRUE,FALSE,0,FALSE,2016-05-22 02:36:06,0
